index,source,asset_id,metadata_json,sprite_name,output,width,height,block,channels,alpha,pixel_transform,rotated_metadata,rect,original_size,sha256_png
0,release/remote/plant/native/fe/fe6bc747-2a65-4d56-bb3a-4d31af7af6f5.7005e.astc,fe6bc747-2a65-4d56-bb3a-4d31af7af6f5,release/remote/plant/import/fe/fe6bc747-2a65-4d56-bb3a-4d31af7af6f5%40f9941.17a64.json,Crop_193_Seed,0000_Crop_193_Seed__fe6bc747-2a65-4d56-bb3a-4d31af7af6f5.png,100,100,6x6x1,RGBA,straight,decoder_BGRA_to_PNG_RGBA,False,"{'x': 0, 'y': 0, 'width': 100, 'height': 100}","{'width': 100, 'height': 100}",c3e4f579dc5c2d94d6a305f54e29c7e5a7366dfcbc5dad42c7f67f7b08669e6f
1,release/remote/plant/native/fe/fe0f41fd-9080-4f11-9d76-84a6f9ef2739.45140.astc,fe0f41fd-9080-4f11-9d76-84a6f9ef2739,release/remote/plant/import/fe/fe0f41fd-9080-4f11-9d76-84a6f9ef2739%40f9941.50caa.json,Crop_1044_Seed,0001_Crop_1044_Seed__fe0f41fd-9080-4f11-9d76-84a6f9ef2739.png,100,100,6x6x1,RGBA,straight,decoder_BGRA_to_PNG_RGBA,False,"{'x': 0, 'y': 0, 'width': 100, 'height': 100}","{'width': 100, 'height': 100}",eb558057a4d59f37bc54cc53b5846f3885b37ac10a9bcdf1c08549fae52c9f17
2,release/remote/plant/native/fb/fb7c72ee-d9fc-4c4e-99bd-e0e0831f3e4e.8c0a9.astc,fb7c72ee-d9fc-4c4e-99bd-e0e0831f3e4e,release/remote/plant/import/fb/fb7c72ee-d9fc-4c4e-99bd-e0e0831f3e4e%40f9941.11b0e.json,Crop_267_Seed,0002_Crop_267_Seed__fb7c72ee-d9fc-4c4e-99bd-e0e0831f3e4e.png,100,100,6x6x1,RGBA,straight,decoder_BGRA_to_PNG_RGBA,False,"{'x': 0, 'y': 0, 'width': 100, 'height': 100}","{'width': 100, 'height': 100}",cc7337414bbbc0c7477aa21571eaed83d66807249a5c989bd6be217293f61e1b
3,release/remote/plant/native/fb/fb360624-b556-49bc-a86a-88ba924c860c.503c2.astc,fb360624-b556-49bc-a86a-88ba924c860c,release/remote/plant/import/fb/fb360624-b556-49bc-a86a-88ba924c860c%40f9941.95fe4.json,Crop_106_Seed,0003_Crop_106_Seed__fb360624-b556-49bc-a86a-88ba924c860c.png,100,100,6x6x1,RGBA,straight,decoder_BGRA_to_PNG_RGBA,False,"{'x': 21, 'y': 12, 'width': 69, 'height': 79}","{'width': 100, 'height': 100}",a2d4413cbc7fb7e3fc730df7c585bf28f5ff56bf8d602945d3a07fd0bbeb8380
4,release/remote/plant/native/fa/fa88b0bf-b545-4ea5-96a8-a12fa978ca28.00752.astc,fa88b0bf-b545-4ea5-96a8-a12fa978ca28,release/remote/plant/import/fa/fa88b0bf-b545-4ea5-96a8-a12fa978ca28%40f9941.bd55f.json,Crop_186_Seed,0004_Crop_186_Seed__fa88b0bf-b545-4ea5-96a8-a12fa978ca28.png,100,100,6x6x1,RGBA,straight,decoder_BGRA_to_PNG_RGBA,False,"{'x': 5, 'y': 5, 'width': 91, 'height': 91}","{'width': 100, 'height': 100}",960c16a16db1b978651e57fd353690b290f737529b35b7b62b8393cc788494ee
5,release/remote/plant/native/f2/f2c9919f-6240-4194-863e-9e30899de292.5ce9c.astc,f2c9919f-6240-4194-863e-9e30899de292,release/remote/plant/import/f2/f2c9919f-6240-4194-863e-9e30899de292%40f9941.3d519.json,Crop_184_Seed,0005_Crop_184_Seed__f2c9919f-6240-4194-863e-9e30899de292.png,100,100,6x6x1,RGBA,straight,decoder_BGRA_to_PNG_RGBA,False,"{'x': 0, 'y': 0, 'width': 100, 'height': 100}","{'width': 100, 'height': 100}",f554146f62d7a04670da50d45df83e89d45765d1dbc7746caf03eb624a8e446d
6,release/remote/plant/native/f0/f08dc7f9-8e84-429d-bde9-11c6ea661a79.80104.astc,f08dc7f9-8e84-429d-bde9-11c6ea661a79,release/remote/plant/import/f0/f08dc7f9-8e84-429d-bde9-11c6ea661a79%40f9941.78fd0.json,Crop_85_6,0006_Crop_85_6__f08dc7f9-8e84-429d-bde9-11c6ea661a79.png,150,150,6x6x1,RGBA,straight,decoder_BGRA_to_PNG_RGBA,False,"{'x': 2, 'y': 1, 'width': 137, 'height': 127}","{'width': 150, 'height': 150}",709499a845842052303ede8ad886dc332e9e2feb66369b0c533c5b2cfdd2f2ef
7,release/remote/plant/native/eb/eb8af4c8-bd98-468d-bbe9-05715623e634.50650.astc,eb8af4c8-bd98-468d-bbe9-05715623e634,release/remote/plant/import/eb/eb8af4c8-bd98-468d-bbe9-05715623e634%40f9941.9325f.json,Crop_6032_Seed,0007_Crop_6032_Seed__eb8af4c8-bd98-468d-bbe9-05715623e634.png,100,100,6x6x1,RGBA,straight,decoder_BGRA_to_PNG_RGBA,False,"{'x': 4, 'y': 4, 'width': 92, 'height': 92}","{'width': 100, 'height': 100}",61111e8939f9f2af169c8de6defc4af626222de638748dd7fae81ff770973dd4
8,release/remote/plant/native/eb/eb4a81a2-d541-48e3-9871-519f168c1d23.dc63c.astc,eb4a81a2-d541-48e3-9871-519f168c1d23,release/remote/plant/import/eb/eb4a81a2-d541-48e3-9871-519f168c1d23%40f9941.485af.json,Crop_804_Seed,0008_Crop_804_Seed__eb4a81a2-d541-48e3-9871-519f168c1d23.png,100,100,6x6x1,RGBA,straight,decoder_BGRA_to_PNG_RGBA,False,"{'x': 0, 'y': 0, 'width': 100, 'height': 100}","{'width': 100, 'height': 100}",8ab698655b2ba2b58b653351b43eb78b42673810ef0b65cf69c73730a6b609bb
9,release/remote/plant/native/eb/eb3fd597-28f9-46db-b7c9-235bc4203bb4.f9ebc.astc,eb3fd597-28f9-46db-b7c9-235bc4203bb4,release/remote/plant/import/eb/eb3fd597-28f9-46db-b7c9-235bc4203bb4%40f9941.5d218.json,Crop_109_Seed,0009_Crop_109_Seed__eb3fd597-28f9-46db-b7c9-235bc4203bb4.png,100,100,6x6x1,RGBA,straight,decoder_BGRA_to_PNG_RGBA,False,"{'x': 4, 'y': 4, 'width': 92, 'height': 92}","{'width': 100, 'height': 100}",b00505756e0e91eaae635b9b9c210251a28de75327603a02189f6a9a74003fbf
10,release/remote/plant/native/e5/e5f9d964-28ee-4491-b714-ba917a9cec87.3e3c3.astc,e5f9d964-28ee-4491-b714-ba917a9cec87,release/remote/plant/import/e5/e5f9d964-28ee-4491-b714-ba917a9cec87%40f9941.be8fd.json,Crop_103_Seed,0010_Crop_103_Seed__e5f9d964-28ee-4491-b714-ba917a9cec87.png,100,100,6x6x1,RGBA,straight,decoder_BGRA_to_PNG_RGBA,False,"{'x': 12, 'y': 11, 'width': 79, 'height': 78}","{'width': 100, 'height': 100}",87bb25e835454628aef44a73912e202ed22fd516a94478bb6ef031a10b46fc65
11,release/remote/plant/native/e3/e30411c4-b2e0-435b-848f-2743658ca72e.38aa9.astc,e30411c4-b2e0-435b-848f-2743658ca72e,release/remote/plant/import/e3/e30411c4-b2e0-435b-848f-2743658ca72e%40f9941.ae5dd.json,Crop_1044_Seed,0011_Crop_1044_Seed__e30411c4-b2e0-435b-848f-2743658ca72e.png,100,100,6x6x1,RGBA,straight,decoder_BGRA_to_PNG_RGBA,False,"{'x': 3, 'y': 2, 'width': 94, 'height': 95}","{'width': 100, 'height': 100}",66ab71d92a43535a9092c7b3b52086fc2aaaaf1a5721ac54a9d06eb2960f5723
12,release/remote/plant/native/e1/e156c762-a6fe-4b38-8b6a-f2f9a85ba74c.bb314.astc,e156c762-a6fe-4b38-8b6a-f2f9a85ba74c,release/remote/plant/import/e1/e156c762-a6fe-4b38-8b6a-f2f9a85ba74c%40f9941.1f68c.json,Crop_25_Seed,0012_Crop_25_Seed__e156c762-a6fe-4b38-8b6a-f2f9a85ba74c.png,100,100,6x6x1,RGBA,straight,decoder_BGRA_to_PNG_RGBA,False,"{'x': 7, 'y': 5, 'width': 90, 'height': 90}","{'width': 100, 'height': 100}",6ee11aac24caa127fcb917d965560ec274d56bb3c23e5b958ae558c0c03c05f1
13,release/remote/plant/native/df/df1447d5-fbe8-4261-a927-c01309df02f2.e8c5a.astc,df1447d5-fbe8-4261-a927-c01309df02f2,release/remote/plant/import/df/df1447d5-fbe8-4261-a927-c01309df02f2%40f9941.db347.json,Crop_257_Seed,0013_Crop_257_Seed__df1447d5-fbe8-4261-a927-c01309df02f2.png,100,100,6x6x1,RGBA,straight,decoder_BGRA_to_PNG_RGBA,False,"{'x': 0, 'y': 0, 'width': 100, 'height': 100}","{'width': 100, 'height': 100}",7c13250108a8146d8920e7d42fab2e2183c5aff0f4e7a2a01fa915aa3e752359
14,release/remote/plant/native/de/deae3536-15a2-43a8-82c9-22604f21a7f8.e60eb.astc,deae3536-15a2-43a8-82c9-22604f21a7f8,release/remote/plant/import/de/deae3536-15a2-43a8-82c9-22604f21a7f8%40f9941.6126c.json,Crop_188_Seed,0014_Crop_188_Seed__deae3536-15a2-43a8-82c9-22604f21a7f8.png,100,100,6x6x1,RGBA,straight,decoder_BGRA_to_PNG_RGBA,False,"{'x': 11, 'y': 13, 'width': 82, 'height': 79}","{'width': 100, 'height': 100}",478edb6b4b7c98bd4e5231e58b970ea6dc0d8cfef2420046a12131af6a15e380
15,release/remote/plant/native/de/de69be0d-4376-4ccd-a874-81ed0c98b19f.a88f5.astc,de69be0d-4376-4ccd-a874-81ed0c98b19f,release/remote/plant/import/de/de69be0d-4376-4ccd-a874-81ed0c98b19f%40f9941.36cfc.json,Crop_121_Seed,0015_Crop_121_Seed__de69be0d-4376-4ccd-a874-81ed0c98b19f.png,100,100,6x6x1,RGBA,straight,decoder_BGRA_to_PNG_RGBA,False,"{'x': 7, 'y': 5, 'width': 90, 'height': 90}","{'width': 100, 'height': 100}",a9e904fe955d5501aaf77d39b4897f4e66844a85daf879029b8ce9208d18c9ea
16,release/remote/plant/native/dc/dcc3b96f-2754-497c-8c58-715579916177.6aeed.astc,dcc3b96f-2754-497c-8c58-715579916177,release/remote/plant/import/dc/dcc3b96f-2754-497c-8c58-715579916177%40f9941.e1bca.json,Crop_129_Seed,0016_Crop_129_Seed__dcc3b96f-2754-497c-8c58-715579916177.png,100,100,6x6x1,RGBA,straight,decoder_BGRA_to_PNG_RGBA,False,"{'x': 3, 'y': 1, 'width': 94, 'height': 95}","{'width': 100, 'height': 100}",692ca32f3522ff02f77c4655cf9701904ae319b74ef8aace5b081abd828b0655
17,release/remote/plant/native/d4/d4a9c420-2632-46a3-aded-64727f70809a.85f0a.astc,d4a9c420-2632-46a3-aded-64727f70809a,release/remote/plant/import/d4/d4a9c420-2632-46a3-aded-64727f70809a%40f9941.ed844.json,Crop_1037_Seed,0017_Crop_1037_Seed__d4a9c420-2632-46a3-aded-64727f70809a.png,100,100,6x6x1,RGBA,straight,decoder_BGRA_to_PNG_RGBA,False,"{'x': 0, 'y': 0, 'width': 100, 'height': 100}","{'width': 100, 'height': 100}",0e42e1471c4b2bfc8b93e992f17e6a635dc7307a57ef97b0f88d185092df67e2
18,release/remote/plant/native/d4/d467ae0a-319b-4f26-8236-8d702d986bfa.821d3.astc,d467ae0a-319b-4f26-8236-8d702d986bfa,release/remote/plant/import/d4/d467ae0a-319b-4f26-8236-8d702d986bfa%40f9941.c5140.json,Crop_185_Seed,0018_Crop_185_Seed__d467ae0a-319b-4f26-8236-8d702d986bfa.png,100,100,6x6x1,RGBA,straight,decoder_BGRA_to_PNG_RGBA,False,"{'x': 5, 'y': 5, 'width': 91, 'height': 91}","{'width': 100, 'height': 100}",cd9de3bdff4ac244db27848b69c046c3d9a54b2910c059c136f1c83b5d15bd23
19,release/remote/plant/native/d0/d0761d34-8bf2-4dd7-93ae-bfb312ac2458.32845.astc,d0761d34-8bf2-4dd7-93ae-bfb312ac2458,release/remote/plant/import/d0/d0761d34-8bf2-4dd7-93ae-bfb312ac2458%40f9941.e172c.json,Crop_1135_Seed,0019_Crop_1135_Seed__d0761d34-8bf2-4dd7-93ae-bfb312ac2458.png,100,100,6x6x1,RGBA,straight,decoder_BGRA_to_PNG_RGBA,False,"{'x': 0, 'y': 0, 'width': 100, 'height': 100}","{'width': 100, 'height': 100}",1c9b660d674588af3839c00afcb439f2644913fac874b1de3525d06901e88f3f
20,release/remote/plant/native/ce/ce07cc5f-67a8-43a6-90e0-587c0276a164.f7dc2.astc,ce07cc5f-67a8-43a6-90e0-587c0276a164,release/remote/plant/import/ce/ce07cc5f-67a8-43a6-90e0-587c0276a164%40f9941.04d4a.json,Crop_249_Seed,0020_Crop_249_Seed__ce07cc5f-67a8-43a6-90e0-587c0276a164.png,100,100,6x6x1,RGBA,straight,decoder_BGRA_to_PNG_RGBA,False,"{'x': 3, 'y': 2, 'width': 94, 'height': 95}","{'width': 100, 'height': 100}",09f3332bcf1c7245656d930a4d7bd0407b99492002c6d95002aeea898fdb128d
21,release/remote/plant/native/cd/cdf88e7c-f537-40b4-8306-3cc66e6a7b92.64dc3.astc,cdf88e7c-f537-40b4-8306-3cc66e6a7b92,release/remote/plant/import/cd/cdf88e7c-f537-40b4-8306-3cc66e6a7b92%40f9941.e3861.json,Crop_1221_Seed,0021_Crop_1221_Seed__cdf88e7c-f537-40b4-8306-3cc66e6a7b92.png,100,100,6x6x1,RGBA,straight,decoder_BGRA_to_PNG_RGBA,False,"{'x': 0, 'y': 0, 'width': 100, 'height': 100}","{'width': 100, 'height': 100}",5a315324a29fd68b17693d25c2c41033c4b9dcd33963706098645d8d32ff492e
22,release/remote/plant/native/cb/cb297dcc-cd41-4a15-9c6a-80007baa48b7.33ef7.astc,cb297dcc-cd41-4a15-9c6a-80007baa48b7,release/remote/plant/import/cb/cb297dcc-cd41-4a15-9c6a-80007baa48b7%40f9941.c5934.json,Crop_1380_Seed,0022_Crop_1380_Seed__cb297dcc-cd41-4a15-9c6a-80007baa48b7.png,100,100,6x6x1,RGBA,straight,decoder_BGRA_to_PNG_RGBA,False,"{'x': 3, 'y': 1, 'width': 94, 'height': 95}","{'width': 100, 'height': 100}",34509fc4bd40c6a18783b50244b87ee27cc10dcc9561e2652cb59a6403771dd4
23,release/remote/plant/native/ca/ca012ef0-296e-4230-bb2d-f1f2adadabf9.325ca.astc,ca012ef0-296e-4230-bb2d-f1f2adadabf9,release/remote/plant/import/ca/ca012ef0-296e-4230-bb2d-f1f2adadabf9%40f9941.c2f7d.json,Crop_6032_Seed,0023_Crop_6032_Seed__ca012ef0-296e-4230-bb2d-f1f2adadabf9.png,100,100,6x6x1,RGBA,straight,decoder_BGRA_to_PNG_RGBA,False,"{'x': 0, 'y': 0, 'width': 100, 'height': 100}","{'width': 100, 'height': 100}",fc27e46029d545f4c93bf5b7b1aaa329e6d108109173d57772341c38d7683ce0
24,release/remote/plant/native/c9/c9a60f44-bc9d-442b-b9d0-8f0bb8c7cec4.dbf07.astc,c9a60f44-bc9d-442b-b9d0-8f0bb8c7cec4,release/remote/plant/import/c9/c9a60f44-bc9d-442b-b9d0-8f0bb8c7cec4%40f9941.9d4ad.json,Crop_1032_Seed,0024_Crop_1032_Seed__c9a60f44-bc9d-442b-b9d0-8f0bb8c7cec4.png,100,100,6x6x1,RGBA,straight,decoder_BGRA_to_PNG_RGBA,False,"{'x': 0, 'y': 0, 'width': 100, 'height': 100}","{'width': 100, 'height': 100}",762c00b6437e02c8d88afd2870c7a9256995e685f84b934b7d38cc948fdd526f
25,release/remote/plant/native/c7/c756ff7d-4345-4916-a90d-e5a73b126d36.9ba30.astc,c756ff7d-4345-4916-a90d-e5a73b126d36,release/remote/plant/import/c7/c756ff7d-4345-4916-a90d-e5a73b126d36%40f9941.6a924.json,Crop_108_Seed,0025_Crop_108_Seed__c756ff7d-4345-4916-a90d-e5a73b126d36.png,100,100,6x6x1,RGBA,straight,decoder_BGRA_to_PNG_RGBA,False,"{'x': 1, 'y': 1, 'width': 97, 'height': 97}","{'width': 100, 'height': 100}",ab8073089958a8b8b0a7ce850b9028bb22d94f491115c161c6532e738292d469
26,release/remote/plant/native/c6/c6f51d4f-45e2-49c6-b5a6-c77e965cc25e.fdd21.astc,c6f51d4f-45e2-49c6-b5a6-c77e965cc25e,release/remote/plant/import/c6/c6f51d4f-45e2-49c6-b5a6-c77e965cc25e%40f9941.cd430.json,Crop_102_Seed,0026_Crop_102_Seed__c6f51d4f-45e2-49c6-b5a6-c77e965cc25e.png,100,100,6x6x1,RGBA,straight,decoder_BGRA_to_PNG_RGBA,False,"{'x': 19, 'y': 14, 'width': 67, 'height': 75}","{'width': 100, 'height': 100}",baae210677d583ec16f776046c11c5fc50243710eb78a90ecb4f4508b19c2578
27,release/remote/plant/native/c6/c65bbe0e-d9d0-4dd2-ae6c-e2d7599faf33.b53bf.astc,c65bbe0e-d9d0-4dd2-ae6c-e2d7599faf33,release/remote/plant/import/c6/c65bbe0e-d9d0-4dd2-ae6c-e2d7599faf33%40f9941.35e13.json,Crop_112_Seed,0027_Crop_112_Seed__c65bbe0e-d9d0-4dd2-ae6c-e2d7599faf33.png,100,100,6x6x1,RGBA,straight,decoder_BGRA_to_PNG_RGBA,False,"{'x': 1, 'y': 1, 'width': 97, 'height': 97}","{'width': 100, 'height': 100}",b8b61a2c012001b7996b92062870bcdd25143b70c5a4f5aa84ae55b27477e42b
28,release/remote/plant/native/c5/c56dec42-9fae-4361-99c6-3d5ef6049569.dee1d.astc,c56dec42-9fae-4361-99c6-3d5ef6049569,release/remote/plant/import/c5/c56dec42-9fae-4361-99c6-3d5ef6049569%40f9941.0e9ca.json,Crop_329_Seed,0028_Crop_329_Seed__c56dec42-9fae-4361-99c6-3d5ef6049569.png,100,100,6x6x1,RGBA,straight,decoder_BGRA_to_PNG_RGBA,False,"{'x': 18, 'y': 12, 'width': 64, 'height': 76}","{'width': 100, 'height': 100}",8258e7a2d89bd6406e997750a83ac3dfdddd3c7b5573681f7829c2771433db1e
29,release/remote/plant/native/c3/c3b38551-8a02-4668-9647-3ffd26289392.eee70.astc,c3b38551-8a02-4668-9647-3ffd26289392,release/remote/plant/import/c3/c3b38551-8a02-4668-9647-3ffd26289392%40f9941.216dc.json,Crop_6127_Seed,0029_Crop_6127_Seed__c3b38551-8a02-4668-9647-3ffd26289392.png,100,100,6x6x1,RGBA,straight,decoder_BGRA_to_PNG_RGBA,False,"{'x': 3, 'y': 2, 'width': 94, 'height': 95}","{'width': 100, 'height': 100}",cd0e706d6211ba4905790e3ac481d1cbafe458497f7e877b7da082e005d78879
30,release/remote/plant/native/c3/c36ad4dd-ed90-4fe1-a32c-eb463ec6d1a5.58511.astc,c36ad4dd-ed90-4fe1-a32c-eb463ec6d1a5,release/remote/plant/import/c3/c36ad4dd-ed90-4fe1-a32c-eb463ec6d1a5%40f9941.10d4e.json,Crop_1134_Seed,0030_Crop_1134_Seed__c36ad4dd-ed90-4fe1-a32c-eb463ec6d1a5.png,100,100,6x6x1,RGBA,straight,decoder_BGRA_to_PNG_RGBA,False,"{'x': 0, 'y': 0, 'width': 100, 'height': 100}","{'width': 100, 'height': 100}",3c4f5b9cce1eebc752ad4c184fa41cd327d3b182feede148bd012d44d0e707f7
31,release/remote/plant/native/c3/c365606b-64b9-4151-afac-677897560dd5.90ccd.astc,c365606b-64b9-4151-afac-677897560dd5,release/remote/plant/import/c3/c365606b-64b9-4151-afac-677897560dd5%40f9941.01774.json,Crop_8001_Seed,0031_Crop_8001_Seed__c365606b-64b9-4151-afac-677897560dd5.png,100,100,6x6x1,RGBA,straight,decoder_BGRA_to_PNG_RGBA,False,"{'x': 0, 'y': 0, 'width': 100, 'height': 100}","{'width': 100, 'height': 100}",303e37a4e1deb4c87acbbcc40f4f01e113dd0b4271537980e8050b81f5e77bfc
32,release/remote/plant/native/c2/c2c83269-ae23-4359-a79c-f4ff92babfe8.7df71.astc,c2c83269-ae23-4359-a79c-f4ff92babfe8,release/remote/plant/import/c2/c2c83269-ae23-4359-a79c-f4ff92babfe8%40f9941.215ca.json,Crop_176_Seed,0032_Crop_176_Seed__c2c83269-ae23-4359-a79c-f4ff92babfe8.png,100,100,6x6x1,RGBA,straight,decoder_BGRA_to_PNG_RGBA,False,"{'x': 0, 'y': 0, 'width': 100, 'height': 100}","{'width': 100, 'height': 100}",56f6339fb9094afb4f58c69f221650d06f100069d537727edba284925b2f5cfb
33,release/remote/plant/native/bd/bd6c3582-1352-4d1e-a2ad-bf831f4fd753.0acd7.astc,bd6c3582-1352-4d1e-a2ad-bf831f4fd753,release/remote/plant/import/bd/bd6c3582-1352-4d1e-a2ad-bf831f4fd753%40f9941.515b2.json,Crop_1221_Seed,0033_Crop_1221_Seed__bd6c3582-1352-4d1e-a2ad-bf831f4fd753.png,100,100,6x6x1,RGBA,straight,decoder_BGRA_to_PNG_RGBA,False,"{'x': 0, 'y': 0, 'width': 100, 'height': 100}","{'width': 100, 'height': 100}",00d59b746edd442df159e7ad31da35bb51c296c7266fa27b58c11743c051800e
34,release/remote/plant/native/bc/bccccb2c-ed35-4fe1-a71b-4601b910ea54.daea3.astc,bccccb2c-ed35-4fe1-a71b-4601b910ea54,release/remote/plant/import/bc/bccccb2c-ed35-4fe1-a71b-4601b910ea54%40f9941.7db8a.json,Crop_1404_Seed,0034_Crop_1404_Seed__bccccb2c-ed35-4fe1-a71b-4601b910ea54.png,100,100,6x6x1,RGBA,straight,decoder_BGRA_to_PNG_RGBA,False,"{'x': 3, 'y': 1, 'width': 94, 'height': 95}","{'width': 100, 'height': 100}",4d28715bab2bb62c1206e066c3da26079134758d8b9f6aaaeba994dcfda3d3da
35,release/remote/plant/native/bc/bc29b8bf-bf37-49ad-975e-dc6d9964906c.a3261.astc,bc29b8bf-bf37-49ad-975e-dc6d9964906c,release/remote/plant/import/bc/bc29b8bf-bf37-49ad-975e-dc6d9964906c%40f9941.9705e.json,Crop_258_Seed,0035_Crop_258_Seed__bc29b8bf-bf37-49ad-975e-dc6d9964906c.png,100,100,6x6x1,RGBA,straight,decoder_BGRA_to_PNG_RGBA,False,"{'x': 0, 'y': 0, 'width': 100, 'height': 100}","{'width': 100, 'height': 100}",4a9f35c6b576a54583b8dc4022b683fe05d213a40f123d08b499ceec857df17a
36,release/remote/plant/native/ba/ba89fcd6-6ad1-47c3-acd6-63f74d87fc31.56340.astc,ba89fcd6-6ad1-47c3-acd6-63f74d87fc31,release/remote/plant/import/ba/ba89fcd6-6ad1-47c3-acd6-63f74d87fc31%40f9941.71f0d.json,Crop_1050_Seed,0036_Crop_1050_Seed__ba89fcd6-6ad1-47c3-acd6-63f74d87fc31.png,100,100,6x6x1,RGBA,straight,decoder_BGRA_to_PNG_RGBA,False,"{'x': 0, 'y': 0, 'width': 100, 'height': 100}","{'width': 100, 'height': 100}",281f1c11b6125f1da935700fab3736835ea862bba46490ab0d3413a4b33aeded
37,release/remote/plant/native/b8/b8515942-e57f-46de-b902-7e97911582d3.518de.astc,b8515942-e57f-46de-b902-7e97911582d3,release/remote/plant/import/b8/b8515942-e57f-46de-b902-7e97911582d3%40f9941.09f0e.json,Crop_224_Seed,0037_Crop_224_Seed__b8515942-e57f-46de-b902-7e97911582d3.png,100,100,6x6x1,RGBA,straight,decoder_BGRA_to_PNG_RGBA,False,"{'x': 1, 'y': 0, 'width': 97, 'height': 97}","{'width': 100, 'height': 100}",33e7a8bee1550dd9e402843840aca23de46d7b3fbeded06429ecd13041e4a4d2
38,release/remote/plant/native/b2/b2d9e2be-1f15-4d51-977f-f487a8d6b2be.994fa.astc,b2d9e2be-1f15-4d51-977f-f487a8d6b2be,release/remote/plant/import/b2/b2d9e2be-1f15-4d51-977f-f487a8d6b2be%40f9941.2a345.json,Crop_243_Seed,0038_Crop_243_Seed__b2d9e2be-1f15-4d51-977f-f487a8d6b2be.png,100,100,6x6x1,RGBA,straight,decoder_BGRA_to_PNG_RGBA,False,"{'x': 3, 'y': 2, 'width': 94, 'height': 95}","{'width': 100, 'height': 100}",7eb1e11c9f93c94e1e9db7e4989041ea3a6ebb1409608649d0cc06e4f14ba141
39,release/remote/plant/native/ad/adb97612-6b41-4661-aa0f-c81f8eaf3d94.f4ef1.astc,adb97612-6b41-4661-aa0f-c81f8eaf3d94,release/remote/plant/import/ad/adb97612-6b41-4661-aa0f-c81f8eaf3d94%40f9941.3466d.json,Crop_133_Seed,0039_Crop_133_Seed__adb97612-6b41-4661-aa0f-c81f8eaf3d94.png,100,100,6x6x1,RGBA,straight,decoder_BGRA_to_PNG_RGBA,False,"{'x': 0, 'y': 0, 'width': 100, 'height': 100}","{'width': 100, 'height': 100}",008e57b57d97a887ba7a22bd5eca160c3229123b3b700f8a61fd96abbc742f47
40,release/remote/plant/native/ad/ad69908e-d02c-4758-bd21-b5cd6a191270.257dc.astc,ad69908e-d02c-4758-bd21-b5cd6a191270,release/remote/plant/import/ad/ad69908e-d02c-4758-bd21-b5cd6a191270%40f9941.dd09b.json,Crop_182_Seed,0040_Crop_182_Seed__ad69908e-d02c-4758-bd21-b5cd6a191270.png,100,100,6x6x1,RGBA,straight,decoder_BGRA_to_PNG_RGBA,False,"{'x': 16, 'y': 15, 'width': 74, 'height': 74}","{'width': 100, 'height': 100}",2e727c279a8c6a9a9f4f5b92a4b9d914cb68a54806f3047a1a4ef8d54f47c98e
41,release/remote/plant/native/ac/acf97dac-7237-4695-822a-fe488ee25f75.38640.astc,acf97dac-7237-4695-822a-fe488ee25f75,release/remote/plant/import/ac/acf97dac-7237-4695-822a-fe488ee25f75%40f9941.08a58.json,Crop_124_Seed,0041_Crop_124_Seed__acf97dac-7237-4695-822a-fe488ee25f75.png,100,100,6x6x1,RGBA,straight,decoder_BGRA_to_PNG_RGBA,False,"{'x': 23, 'y': 13, 'width': 64, 'height': 77}","{'width': 100, 'height': 100}",a8cd505371dc3826ce973f0ac52b5584ed9a0d8acd76c28007f1bb3ae1402415
42,release/remote/plant/native/a9/a9c7bc79-375d-4781-af29-2bc5fc9b0d82.480af.astc,a9c7bc79-375d-4781-af29-2bc5fc9b0d82,release/remote/plant/import/a9/a9c7bc79-375d-4781-af29-2bc5fc9b0d82%40f9941.1e7c9.json,Crop_1134_Seed,0042_Crop_1134_Seed__a9c7bc79-375d-4781-af29-2bc5fc9b0d82.png,100,100,6x6x1,RGBA,straight,decoder_BGRA_to_PNG_RGBA,False,"{'x': 3, 'y': 1, 'width': 94, 'height': 95}","{'width': 100, 'height': 100}",3dbac2f085fc4e0efa41b2ea31f806d2eb2b90a4da13865cff6b890bbf84ce74
43,release/remote/plant/native/a9/a9429882-6c61-4d3b-83a4-38da55470b6a.a27aa.astc,a9429882-6c61-4d3b-83a4-38da55470b6a,release/remote/plant/import/a9/a9429882-6c61-4d3b-83a4-38da55470b6a%40f9941.2a93d.json,Crop_73_Seed,0043_Crop_73_Seed__a9429882-6c61-4d3b-83a4-38da55470b6a.png,100,100,6x6x1,RGBA,straight,decoder_BGRA_to_PNG_RGBA,False,"{'x': 12, 'y': 12, 'width': 79, 'height': 79}","{'width': 100, 'height': 100}",f9c2dfc6bf333f98567fcfd45a20f93045eea716286ca3855a57fd7c2e1e6d82
44,release/remote/plant/native/a7/a7498620-9844-4c79-95c3-fa60a66580a0.eff80.astc,a7498620-9844-4c79-95c3-fa60a66580a0,release/remote/plant/import/a7/a7498620-9844-4c79-95c3-fa60a66580a0%40f9941.e147b.json,Crop_176_Seed,0044_Crop_176_Seed__a7498620-9844-4c79-95c3-fa60a66580a0.png,100,100,6x6x1,RGBA,straight,decoder_BGRA_to_PNG_RGBA,False,"{'x': 5, 'y': 5, 'width': 91, 'height': 91}","{'width': 100, 'height': 100}",1a064aa72e94b550829c48ec632713b276df03caf3968a76cf8782a75cbe30b3
45,release/remote/plant/native/a5/a5c235dc-ef95-4e2c-9e35-943d04908333.fe64e.astc,a5c235dc-ef95-4e2c-9e35-943d04908333,release/remote/plant/import/a5/a5c235dc-ef95-4e2c-9e35-943d04908333%40f9941.1f214.json,Crop_256_Seed,0045_Crop_256_Seed__a5c235dc-ef95-4e2c-9e35-943d04908333.png,100,100,6x6x1,RGBA,straight,decoder_BGRA_to_PNG_RGBA,False,"{'x': 2, 'y': 0, 'width': 98, 'height': 100}","{'width': 100, 'height': 100}",5600d66d4eff3cb442941dc656424a70280f1a7da2dd0f6d836f783b99c74233
46,release/remote/plant/native/a2/a2639069-a028-4736-a75d-c24392e55c9d.aab67.astc,a2639069-a028-4736-a75d-c24392e55c9d,release/remote/plant/import/a2/a2639069-a028-4736-a75d-c24392e55c9d%40f9941.9c943.json,Crop_46_Seed,0046_Crop_46_Seed__a2639069-a028-4736-a75d-c24392e55c9d.png,100,100,6x6x1,RGBA,straight,decoder_BGRA_to_PNG_RGBA,False,"{'x': 0, 'y': 0, 'width': 100, 'height': 100}","{'width': 100, 'height': 100}",c62b861bf7abddfb5987b26aefc9110d202ea2a37231f27789632ad62b75efff
47,release/remote/plant/native/a0/a087f279-63c3-416a-8d06-fff941c1c333.98f26.astc,a087f279-63c3-416a-8d06-fff941c1c333,release/remote/plant/import/a0/a087f279-63c3-416a-8d06-fff941c1c333%40f9941.dc920.json,Crop_9003_Seed,0047_Crop_9003_Seed__a087f279-63c3-416a-8d06-fff941c1c333.png,100,100,6x6x1,RGBA,straight,decoder_BGRA_to_PNG_RGBA,False,"{'x': 0, 'y': 0, 'width': 100, 'height': 100}","{'width': 100, 'height': 100}",54b3e42258c3faf09e386632ab4f5142f95d8941055273d8d918af97a391ac45
48,release/remote/plant/native/a0/a06fc917-43b0-4a9b-bc06-df38bd7d9bca.8fb05.astc,a06fc917-43b0-4a9b-bc06-df38bd7d9bca,release/remote/plant/import/a0/a06fc917-43b0-4a9b-bc06-df38bd7d9bca%40f9941.c31a4.json,Crop_416_Seed,0048_Crop_416_Seed__a06fc917-43b0-4a9b-bc06-df38bd7d9bca.png,100,100,6x6x1,RGBA,straight,decoder_BGRA_to_PNG_RGBA,False,"{'x': 0, 'y': 0, 'width': 100, 'height': 100}","{'width': 100, 'height': 100}",1d369883a987a5fde1f3fb231d5ae9debcc6325655faf6d7947c3ea58502db84
49,release/remote/plant/native/a0/a03b0b5c-7ed6-4839-8309-25d66b8c58fe.c3f83.astc,a03b0b5c-7ed6-4839-8309-25d66b8c58fe,release/remote/plant/import/a0/a03b0b5c-7ed6-4839-8309-25d66b8c58fe%40f9941.51bd9.json,Crop_6127_Seed,0049_Crop_6127_Seed__a03b0b5c-7ed6-4839-8309-25d66b8c58fe.png,100,100,6x6x1,RGBA,straight,decoder_BGRA_to_PNG_RGBA,False,"{'x': 0, 'y': 0, 'width': 100, 'height': 100}","{'width': 100, 'height': 100}",ded89091b15e430224187050e2e1e007a2125fa6e0dfeb933de6b34ec119353f
50,release/remote/plant/native/9d/9dd299f2-c39e-495e-a7f6-56680c200530.60a93.astc,9dd299f2-c39e-495e-a7f6-56680c200530,release/remote/plant/import/9d/9dd299f2-c39e-495e-a7f6-56680c200530%40f9941.e54d9.json,Crop_1353_Seed,0050_Crop_1353_Seed__9dd299f2-c39e-495e-a7f6-56680c200530.png,100,100,6x6x1,RGBA,straight,decoder_BGRA_to_PNG_RGBA,False,"{'x': 0, 'y': 0, 'width': 100, 'height': 100}","{'width': 100, 'height': 100}",2121920313fbf7655d81eafcca753e8a3d2a68ff46cb210e9bc15ab0d945de59
51,release/remote/plant/native/95/9543319e-bd89-45f7-b444-ff36fa810ac0.fed5c.astc,9543319e-bd89-45f7-b444-ff36fa810ac0,release/remote/plant/import/95/9543319e-bd89-45f7-b444-ff36fa810ac0%40f9941.cae97.json,Crop_251_Seed,0051_Crop_251_Seed__9543319e-bd89-45f7-b444-ff36fa810ac0.png,100,100,6x6x1,RGBA,straight,decoder_BGRA_to_PNG_RGBA,False,"{'x': 0, 'y': 0, 'width': 100, 'height': 100}","{'width': 100, 'height': 100}",fba9ea49727755f1cca36cfd1e5eee62509fa7c2e2109ff62d48f57ba63cadc8
52,release/remote/plant/native/94/9496e218-f394-4afa-b27f-a948ab4c4459.112f7.astc,9496e218-f394-4afa-b27f-a948ab4c4459,release/remote/plant/import/94/9496e218-f394-4afa-b27f-a948ab4c4459%40f9941.0ba89.json,Crop_1353_Seed,0052_Crop_1353_Seed__9496e218-f394-4afa-b27f-a948ab4c4459.png,100,100,6x6x1,RGBA,straight,decoder_BGRA_to_PNG_RGBA,False,"{'x': 3, 'y': 1, 'width': 94, 'height': 95}","{'width': 100, 'height': 100}",b5baf099138f940467c1605e8417724132887bd8b3f1b0d778fb62e2c2782ea0
53,release/remote/plant/native/92/927e4986-19cd-4b01-8d10-f2bd3983a5c2.72c0d.astc,927e4986-19cd-4b01-8d10-f2bd3983a5c2,release/remote/plant/import/92/927e4986-19cd-4b01-8d10-f2bd3983a5c2%40f9941.812a5.json,Crop_174_Seed,0053_Crop_174_Seed__927e4986-19cd-4b01-8d10-f2bd3983a5c2.png,100,100,6x6x1,RGBA,straight,decoder_BGRA_to_PNG_RGBA,False,"{'x': 22, 'y': 12, 'width': 55, 'height': 78}","{'width': 100, 'height': 100}",14347fb1040799ba063c77c9ffbfcfeeebe0c3c539b9130a20d53e49b5d204b6
54,release/remote/plant/native/92/926969b7-1dd8-4b74-a6d5-b3f57a90af67.8b635.astc,926969b7-1dd8-4b74-a6d5-b3f57a90af67,release/remote/plant/import/92/926969b7-1dd8-4b74-a6d5-b3f57a90af67%40f9941.3c809.json,Crop_243_Seed,0054_Crop_243_Seed__926969b7-1dd8-4b74-a6d5-b3f57a90af67.png,100,100,6x6x1,RGBA,straight,decoder_BGRA_to_PNG_RGBA,False,"{'x': 0, 'y': 0, 'width': 100, 'height': 100}","{'width': 100, 'height': 100}",a7896261d76937067280ee2d72a0cc40220df51496245338b2bd380dba8b9e21
55,release/remote/plant/native/90/901be176-1ae1-4cdb-b3cc-c7399cbabcd4.6a43b.astc,901be176-1ae1-4cdb-b3cc-c7399cbabcd4,release/remote/plant/import/90/901be176-1ae1-4cdb-b3cc-c7399cbabcd4%40f9941.5392a.json,Crop_8002_Seed,0055_Crop_8002_Seed__901be176-1ae1-4cdb-b3cc-c7399cbabcd4.png,100,100,6x6x1,RGBA,straight,decoder_BGRA_to_PNG_RGBA,False,"{'x': 0, 'y': 0, 'width': 100, 'height': 100}","{'width': 100, 'height': 100}",37a5c702d8bcd5298573c48fe5137caf40ecb8380fe61bccf8445bc6c76c53e1
56,release/remote/plant/native/8d/8dc06e44-bcfd-422a-8bcd-ac55c5310f54.77232.astc,8dc06e44-bcfd-422a-8bcd-ac55c5310f54,release/remote/plant/import/8d/8dc06e44-bcfd-422a-8bcd-ac55c5310f54%40f9941.4f26f.json,Crop_109_Seed,0056_Crop_109_Seed__8dc06e44-bcfd-422a-8bcd-ac55c5310f54.png,100,100,6x6x1,RGBA,straight,decoder_BGRA_to_PNG_RGBA,False,"{'x': 7, 'y': 5, 'width': 90, 'height': 90}","{'width': 100, 'height': 100}",513d8f7b11d88dcf7203fd8b2a5867cb2ebf59137d7fb3622066a8c0b3e88fb3
57,release/remote/plant/native/8c/8cd66579-e4fb-4dcd-8460-2c782c5170f9.ec67b.astc,8cd66579-e4fb-4dcd-8460-2c782c5170f9,release/remote/plant/import/8c/8cd66579-e4fb-4dcd-8460-2c782c5170f9%40f9941.70726.json,Crop_261_Seed,0057_Crop_261_Seed__8cd66579-e4fb-4dcd-8460-2c782c5170f9.png,100,104,6x6x1,RGBA,straight,decoder_BGRA_to_PNG_RGBA,False,"{'x': 0, 'y': 5, 'width': 100, 'height': 99}","{'width': 100, 'height': 104}",d0c1d2beb4f6b5e067bafa5ca62821377f384bcc5d8505262e9e8d6d758e340d
58,release/remote/plant/native/8a/8a7b7f5b-1899-4472-aa7d-4b06f7db780b.b125d.astc,8a7b7f5b-1899-4472-aa7d-4b06f7db780b,release/remote/plant/import/8a/8a7b7f5b-1899-4472-aa7d-4b06f7db780b%40f9941.98f40.json,Crop_115_Seed,0058_Crop_115_Seed__8a7b7f5b-1899-4472-aa7d-4b06f7db780b.png,100,100,6x6x1,RGBA,straight,decoder_BGRA_to_PNG_RGBA,False,"{'x': 14, 'y': 13, 'width': 75, 'height': 78}","{'width': 100, 'height': 100}",aece4592f87491bb45945c012410ed298c2fb9210d46414a6ebe364481db4ce8
59,release/remote/plant/native/88/888c0ab3-4173-4053-9089-c2ac2ba180f8.1edb8.astc,888c0ab3-4173-4053-9089-c2ac2ba180f8,release/remote/plant/import/88/888c0ab3-4173-4053-9089-c2ac2ba180f8%40f9941.f18ad.json,Crop_184_Seed,0059_Crop_184_Seed__888c0ab3-4173-4053-9089-c2ac2ba180f8.png,100,100,6x6x1,RGBA,straight,decoder_BGRA_to_PNG_RGBA,False,"{'x': 0, 'y': 0, 'width': 100, 'height': 99}","{'width': 100, 'height': 100}",dbc05a858b51e5f51dfe84e4131641fb384bd8e5d7c3aa17b7e668a2cf4f2b32
60,release/remote/plant/native/82/821fe2c3-07b6-4098-9111-8c51de3566cb.19d74.astc,821fe2c3-07b6-4098-9111-8c51de3566cb,release/remote/plant/import/82/821fe2c3-07b6-4098-9111-8c51de3566cb%40f9941.95265.json,Crop_1135_Seed,0060_Crop_1135_Seed__821fe2c3-07b6-4098-9111-8c51de3566cb.png,100,100,6x6x1,RGBA,straight,decoder_BGRA_to_PNG_RGBA,False,"{'x': 4, 'y': 4, 'width': 92, 'height': 92}","{'width': 100, 'height': 100}",95290b75eabbcc31dc66fe1922eda4dc9a9564e5cd23f46587f08fe0513fd6c2
61,release/remote/plant/native/81/819f356c-5539-4a71-9b61-af3eeb8336a6.186e7.astc,819f356c-5539-4a71-9b61-af3eeb8336a6,release/remote/plant/import/81/819f356c-5539-4a71-9b61-af3eeb8336a6%40f9941.4c3a3.json,Crop_1542_Seed,0061_Crop_1542_Seed__819f356c-5539-4a71-9b61-af3eeb8336a6.png,100,100,6x6x1,RGBA,straight,decoder_BGRA_to_PNG_RGBA,False,"{'x': 5, 'y': 0, 'width': 95, 'height': 99}","{'width': 100, 'height': 100}",79954be550adb31c5cd57ce4960f6baeaf52db5997896dda769644fa996e2cf0
62,release/remote/plant/native/80/80bf5adf-3d09-40d2-8017-f40b01d92747.c8371.astc,80bf5adf-3d09-40d2-8017-f40b01d92747,release/remote/plant/import/80/80bf5adf-3d09-40d2-8017-f40b01d92747%40f9941.62a42.json,Crop_1251_Seed,0062_Crop_1251_Seed__80bf5adf-3d09-40d2-8017-f40b01d92747.png,100,100,6x6x1,RGBA,straight,decoder_BGRA_to_PNG_RGBA,False,"{'x': 4, 'y': 4, 'width': 92, 'height': 92}","{'width': 100, 'height': 100}",338530cf8923a702d51a89d309f0708c37fd4178359cd096ec2c0128406c51ca
63,release/remote/plant/native/7f/7fec3367-6fc5-4118-9eff-637d23383594.a1705.astc,7fec3367-6fc5-4118-9eff-637d23383594,release/remote/plant/import/7f/7fec3367-6fc5-4118-9eff-637d23383594%40f9941.bb609.json,Crop_1038_Seed,0063_Crop_1038_Seed__7fec3367-6fc5-4118-9eff-637d23383594.png,100,100,6x6x1,RGBA,straight,decoder_BGRA_to_PNG_RGBA,False,"{'x': 0, 'y': 0, 'width': 100, 'height': 100}","{'width': 100, 'height': 100}",ec4585729809911bd6eef38468eae65cdbd2eb95ee7186b77904583309295d3e
64,release/remote/plant/native/7f/7fb38cdd-3c70-4c7f-bef2-5ef2ee83d979.579f7.astc,7fb38cdd-3c70-4c7f-bef2-5ef2ee83d979,release/remote/plant/import/7f/7fb38cdd-3c70-4c7f-bef2-5ef2ee83d979%40f9941.9cbc6.json,Crop_1038_Seed,0064_Crop_1038_Seed__7fb38cdd-3c70-4c7f-bef2-5ef2ee83d979.png,100,100,6x6x1,RGBA,straight,decoder_BGRA_to_PNG_RGBA,False,"{'x': 3, 'y': 2, 'width': 94, 'height': 95}","{'width': 100, 'height': 100}",781e3a2d47bf19da9156cdedc05e28a0977e801a4c812a04d3ba74eaa5366cc3
65,release/remote/plant/native/7d/7d2be7c2-e8ff-44c2-bfda-c306cb1cde3e.12cb5.astc,7d2be7c2-e8ff-44c2-bfda-c306cb1cde3e,release/remote/plant/import/7d/7d2be7c2-e8ff-44c2-bfda-c306cb1cde3e%40f9941.f2ca2.json,Crop_1251_Seed,0065_Crop_1251_Seed__7d2be7c2-e8ff-44c2-bfda-c306cb1cde3e.png,100,100,6x6x1,RGBA,straight,decoder_BGRA_to_PNG_RGBA,False,"{'x': 0, 'y': 0, 'width': 100, 'height': 100}","{'width': 100, 'height': 100}",d34d719a2e619cba2928c4650b7260d9994bd63020712cd71664e9e04711b7e8
66,release/remote/plant/native/7b/7be2a835-4ae6-4344-bcc3-918eeca3349a.5c0ba.astc,7be2a835-4ae6-4344-bcc3-918eeca3349a,release/remote/plant/import/7b/7be2a835-4ae6-4344-bcc3-918eeca3349a%40f9941.9b20b.json,Crop_22_Seed,0066_Crop_22_Seed__7be2a835-4ae6-4344-bcc3-918eeca3349a.png,100,100,6x6x1,RGBA,straight,decoder_BGRA_to_PNG_RGBA,False,"{'x': 14, 'y': 13, 'width': 72, 'height': 78}","{'width': 100, 'height': 100}",e79ea5f0534b500dd87b15f08b9e16e846c5c35fa2772cd20d8972d6c9a34fe7
67,release/remote/plant/native/79/79b16618-20aa-47eb-bc86-716880516143.f70a4.astc,79b16618-20aa-47eb-bc86-716880516143,release/remote/plant/import/79/79b16618-20aa-47eb-bc86-716880516143%40f9941.6e6d1.json,Crop_133_Seed,0067_Crop_133_Seed__79b16618-20aa-47eb-bc86-716880516143.png,100,100,6x6x1,RGBA,straight,decoder_BGRA_to_PNG_RGBA,False,"{'x': 4, 'y': 5, 'width': 92, 'height': 91}","{'width': 100, 'height': 100}",8ae603ac126f7cd48ed8261f110d63e28137dba47020177b5d526e8ce26034d3
68,release/remote/plant/native/78/782e385d-c921-41e8-a37a-d4a28089d4f8.582f7.astc,782e385d-c921-41e8-a37a-d4a28089d4f8,release/remote/plant/import/78/782e385d-c921-41e8-a37a-d4a28089d4f8%40f9941.9164e.json,Crop_1380_Seed,0068_Crop_1380_Seed__782e385d-c921-41e8-a37a-d4a28089d4f8.png,100,100,6x6x1,RGBA,straight,decoder_BGRA_to_PNG_RGBA,False,"{'x': 0, 'y': 0, 'width': 100, 'height': 100}","{'width': 100, 'height': 100}",5c8c79158138c7f56ee81a228b0aa415ee0a12b0132babaf49e68d9e4b1f583c
69,release/remote/plant/native/77/77ac9c6f-f916-4566-9a7e-ddcc6f574c8a.d1339.astc,77ac9c6f-f916-4566-9a7e-ddcc6f574c8a,release/remote/plant/import/77/77ac9c6f-f916-4566-9a7e-ddcc6f574c8a%40f9941.59954.json,Crop_6109_Seed,0069_Crop_6109_Seed__77ac9c6f-f916-4566-9a7e-ddcc6f574c8a.png,100,100,6x6x1,RGBA,straight,decoder_BGRA_to_PNG_RGBA,False,"{'x': 0, 'y': 0, 'width': 100, 'height': 100}","{'width': 100, 'height': 100}",c5a9fcf1506846a81c64e0ed69b787d722416ead67836d0d7daf72e94d964b5c
70,release/remote/plant/native/77/7759533f-e044-4aa7-aae7-0fc09d840901.5c04a.astc,7759533f-e044-4aa7-aae7-0fc09d840901,release/remote/plant/import/77/7759533f-e044-4aa7-aae7-0fc09d840901%40f9941.2fce0.json,Crop_8002_Seed,0070_Crop_8002_Seed__7759533f-e044-4aa7-aae7-0fc09d840901.png,100,100,6x6x1,RGBA,straight,decoder_BGRA_to_PNG_RGBA,False,"{'x': 0, 'y': 0, 'width': 100, 'height': 100}","{'width': 100, 'height': 100}",a01f3e70b345b66f2e725af208632e492f920f5d91ae6bd6ed03ec7107233bda
71,release/remote/plant/native/76/76410e2c-45b7-4e3c-9db2-637fea80e095.79b5f.astc,76410e2c-45b7-4e3c-9db2-637fea80e095,release/remote/plant/import/76/76410e2c-45b7-4e3c-9db2-637fea80e095%40f9941.3aa8a.json,Crop_25_Seed,0071_Crop_25_Seed__76410e2c-45b7-4e3c-9db2-637fea80e095.png,100,100,6x6x1,RGBA,straight,decoder_BGRA_to_PNG_RGBA,False,"{'x': 1, 'y': 1, 'width': 97, 'height': 97}","{'width': 100, 'height': 100}",be31c9b21204241a47a21bc175a9d44f6ac64ff2011d0527ed706e8250eccecd
72,release/remote/plant/native/75/75be052b-fb8a-4712-a6b6-e311206f5d0d.2842a.astc,75be052b-fb8a-4712-a6b6-e311206f5d0d,release/remote/plant/import/75/75be052b-fb8a-4712-a6b6-e311206f5d0d%40f9941.a0721.json,Crop_8003_Seed,0072_Crop_8003_Seed__75be052b-fb8a-4712-a6b6-e311206f5d0d.png,100,100,6x6x1,RGBA,straight,decoder_BGRA_to_PNG_RGBA,False,"{'x': 0, 'y': 3, 'width': 100, 'height': 97}","{'width': 100, 'height': 100}",025b332432da013cf4e66b99e8c3a323e5b8922b34f7df8b577b735b724fbf11
73,release/remote/plant/native/74/744f2347-da99-45e1-9c7c-4dbab8947fba.22e3e.astc,744f2347-da99-45e1-9c7c-4dbab8947fba,release/remote/plant/import/74/744f2347-da99-45e1-9c7c-4dbab8947fba%40f9941.dc647.json,Crop_256_Seed,0073_Crop_256_Seed__744f2347-da99-45e1-9c7c-4dbab8947fba.png,100,100,6x6x1,RGBA,straight,decoder_BGRA_to_PNG_RGBA,False,"{'x': 0, 'y': 0, 'width': 100, 'height': 100}","{'width': 100, 'height': 100}",9d9275f3d47e5d0110a0c2fc844c2f79ec1fb1fbc02a4338e28f17030481d623
74,release/remote/plant/native/73/73722bba-e9f1-4d75-aa23-65d57eff622c.0bd11.astc,73722bba-e9f1-4d75-aa23-65d57eff622c,release/remote/plant/import/73/73722bba-e9f1-4d75-aa23-65d57eff622c%40f9941.89ece.json,Crop_304_Seed,0074_Crop_304_Seed__73722bba-e9f1-4d75-aa23-65d57eff622c.png,105,100,6x6x1,RGBA,straight,decoder_BGRA_to_PNG_RGBA,False,"{'x': 6, 'y': 0, 'width': 99, 'height': 100}","{'width': 105, 'height': 100}",96436c1f59863f3009cc7060683b1a411b77cfce71471578734ae677b6e35932
75,release/remote/plant/native/71/713eb888-5860-4419-b552-0e416fc832d2.7fe71.astc,713eb888-5860-4419-b552-0e416fc832d2,release/remote/plant/import/71/713eb888-5860-4419-b552-0e416fc832d2%40f9941.dea93.json,Crop_204_Seed,0075_Crop_204_Seed__713eb888-5860-4419-b552-0e416fc832d2.png,100,100,6x6x1,RGBA,straight,decoder_BGRA_to_PNG_RGBA,False,"{'x': 14, 'y': 10, 'width': 76, 'height': 79}","{'width': 100, 'height': 100}",67378cc55281ab3488093a29d1dd28bcfc5a0e9191519b503a13289ee0edfb5a
76,release/remote/plant/native/70/70ec31d4-957b-49f8-93fd-8c6976ef92c3.789dd.astc,70ec31d4-957b-49f8-93fd-8c6976ef92c3,release/remote/plant/import/70/70ec31d4-957b-49f8-93fd-8c6976ef92c3%40f9941.0a3a8.json,Crop_167_Seed,0076_Crop_167_Seed__70ec31d4-957b-49f8-93fd-8c6976ef92c3.png,100,100,6x6x1,RGBA,straight,decoder_BGRA_to_PNG_RGBA,False,"{'x': 2, 'y': 1, 'width': 97, 'height': 98}","{'width': 100, 'height': 100}",c48a9b7f11e81039b22283169683586602f1607e89356b2af299e25abf93bc94
77,release/remote/plant/native/70/705e5884-47b1-467c-80ce-54d24e31fecb.65139.astc,705e5884-47b1-467c-80ce-54d24e31fecb,release/remote/plant/import/70/705e5884-47b1-467c-80ce-54d24e31fecb%40f9941.7f731.json,Crop_8001_Seed,0077_Crop_8001_Seed__705e5884-47b1-467c-80ce-54d24e31fecb.png,100,100,6x6x1,RGBA,straight,decoder_BGRA_to_PNG_RGBA,False,"{'x': 0, 'y': 0, 'width': 100, 'height': 100}","{'width': 100, 'height': 100}",9d893f351bd44deb03555970df176e1bc6ee01cf1f803ecaee77104c8d1cb99b
78,release/remote/plant/native/70/7047ab54-999d-4775-a1be-087c76cdd7b2.0e8ab.astc,7047ab54-999d-4775-a1be-087c76cdd7b2,release/remote/plant/import/70/7047ab54-999d-4775-a1be-087c76cdd7b2%40f9941.b779a.json,Crop_1037_Seed,0078_Crop_1037_Seed__7047ab54-999d-4775-a1be-087c76cdd7b2.png,100,100,6x6x1,RGBA,straight,decoder_BGRA_to_PNG_RGBA,False,"{'x': 3, 'y': 1, 'width': 94, 'height': 95}","{'width': 100, 'height': 100}",9b7a0136f77e90eb0b7d55247011259cf25e8d5f91c427850248ed4a6b955a44
79,release/remote/plant/native/6d/6d29c5be-3759-4285-ab5d-d7eb6b5025a1.00a36.astc,6d29c5be-3759-4285-ab5d-d7eb6b5025a1,release/remote/plant/import/6d/6d29c5be-3759-4285-ab5d-d7eb6b5025a1%40f9941.1e3f9.json,Crop_375_Seed,0079_Crop_375_Seed__6d29c5be-3759-4285-ab5d-d7eb6b5025a1.png,100,100,6x6x1,RGBA,straight,decoder_BGRA_to_PNG_RGBA,False,"{'x': 0, 'y': 0, 'width': 100, 'height': 100}","{'width': 100, 'height': 100}",bdbe75e175301cdb551823cd8a87e9f98c33666363a4cab1a408cce1bb88684d
80,release/remote/plant/native/66/669157f3-771d-409d-b353-949201f85a75.a936e.astc,669157f3-771d-409d-b353-949201f85a75,release/remote/plant/import/66/669157f3-771d-409d-b353-949201f85a75%40f9941.80e85.json,Crop_187_Seed,0080_Crop_187_Seed__669157f3-771d-409d-b353-949201f85a75.png,100,100,6x6x1,RGBA,straight,decoder_BGRA_to_PNG_RGBA,False,"{'x': 12, 'y': 13, 'width': 77, 'height': 78}","{'width': 100, 'height': 100}",8fa3dc48401d11da046fbde450988f8b2d4d76552124d6886e28458c39e55b90
81,release/remote/plant/native/64/64cc614f-a891-4404-a334-823b4df87840.b66fe.astc,64cc614f-a891-4404-a334-823b4df87840,release/remote/plant/import/64/64cc614f-a891-4404-a334-823b4df87840%40f9941.5126f.json,Crop_375_Seed,0081_Crop_375_Seed__64cc614f-a891-4404-a334-823b4df87840.png,100,100,6x6x1,RGBA,straight,decoder_BGRA_to_PNG_RGBA,False,"{'x': 3, 'y': 1, 'width': 94, 'height': 95}","{'width': 100, 'height': 100}",f7e121902ba359340094befbec04c18f46280d60e937be841a5706c4ad48ced9
82,release/remote/plant/native/64/64034731-2c96-46e2-a602-354491f1a3b0.1bec5.astc,64034731-2c96-46e2-a602-354491f1a3b0,release/remote/plant/import/64/64034731-2c96-46e2-a602-354491f1a3b0%40f9941.69816.json,Crop_9001_Seed,0082_Crop_9001_Seed__64034731-2c96-46e2-a602-354491f1a3b0.png,100,100,6x6x1,RGBA,straight,decoder_BGRA_to_PNG_RGBA,False,"{'x': 3, 'y': 1, 'width': 94, 'height': 95}","{'width': 100, 'height': 100}",a6939c0e3bf2cfa507df8af80e0f1156bbb0eb69534864d4c141030f59087faf
83,release/remote/plant/native/63/63d09abe-1a5e-4bfc-b915-87925dc1fb22.83607.astc,63d09abe-1a5e-4bfc-b915-87925dc1fb22,release/remote/plant/import/63/63d09abe-1a5e-4bfc-b915-87925dc1fb22%40f9941.ef3b1.json,zhongzi,0083_zhongzi__63d09abe-1a5e-4bfc-b915-87925dc1fb22.png,150,150,6x6x1,RGBA,straight,decoder_BGRA_to_PNG_RGBA,False,"{'x': 57, 'y': 98, 'width': 34, 'height': 18}","{'width': 150, 'height': 150}",ed41e3c434aa681dec3a859897898d8984d11a973c777fd271a8ee6f3c4050f5
84,release/remote/plant/native/62/62a60217-d8fe-4909-b7e2-4638ad170893.50768.astc,62a60217-d8fe-4909-b7e2-4638ad170893,release/remote/plant/import/62/62a60217-d8fe-4909-b7e2-4638ad170893%40f9941.d4f97.json,Crop_1404_Seed,0084_Crop_1404_Seed__62a60217-d8fe-4909-b7e2-4638ad170893.png,100,100,6x6x1,RGBA,straight,decoder_BGRA_to_PNG_RGBA,False,"{'x': 0, 'y': 0, 'width': 100, 'height': 100}","{'width': 100, 'height': 100}",666ba48cf13a5de7402c1e8c176acfa8991b24cb4f0527beae31012a7e1e725f
85,release/remote/plant/native/61/6183e5c4-5463-49bb-a93e-cbc85737d3c3.69799.astc,6183e5c4-5463-49bb-a93e-cbc85737d3c3,release/remote/plant/import/61/6183e5c4-5463-49bb-a93e-cbc85737d3c3%40f9941.72ee9.json,Crop_1474_Seed,0085_Crop_1474_Seed__6183e5c4-5463-49bb-a93e-cbc85737d3c3.png,100,100,6x6x1,RGBA,straight,decoder_BGRA_to_PNG_RGBA,False,"{'x': 3, 'y': 2, 'width': 94, 'height': 95}","{'width': 100, 'height': 100}",57c6c9b6d2ae8a7ca6a69dfaf688fe59c06d85a4f152967c0fa184493775f01a
86,release/remote/plant/native/5c/5cb535aa-3ea5-451e-8c8a-aa5bbc9c1266.3e9cd.astc,5cb535aa-3ea5-451e-8c8a-aa5bbc9c1266,release/remote/plant/import/5c/5cb535aa-3ea5-451e-8c8a-aa5bbc9c1266%40f9941.90eee.json,Crop_9003_Seed,0086_Crop_9003_Seed__5cb535aa-3ea5-451e-8c8a-aa5bbc9c1266.png,100,100,6x6x1,RGBA,straight,decoder_BGRA_to_PNG_RGBA,False,"{'x': 0, 'y': 0, 'width': 100, 'height': 100}","{'width': 100, 'height': 100}",0b3ea1398976144863f99b7a6ef58722eaa0f04c662c6bfe7e22b3de7225f811
87,release/remote/plant/native/56/56e51e12-b320-41d1-9d46-4b976eabc271.71a8d.astc,56e51e12-b320-41d1-9d46-4b976eabc271,release/remote/plant/import/56/56e51e12-b320-41d1-9d46-4b976eabc271%40f9941.4ebc4.json,Crop_101_Seed,0087_Crop_101_Seed__56e51e12-b320-41d1-9d46-4b976eabc271.png,100,100,6x6x1,RGBA,straight,decoder_BGRA_to_PNG_RGBA,False,"{'x': 24, 'y': 13, 'width': 61, 'height': 77}","{'width': 100, 'height': 100}",489bbeddba87895fad58695d7d9e645534c00928d63d34f1551cf87938fbf3a8
88,release/remote/plant/native/56/56d5a4b1-095f-44cf-913f-7f22bb3fddcf.8271f.astc,56d5a4b1-095f-44cf-913f-7f22bb3fddcf,release/remote/plant/import/56/56d5a4b1-095f-44cf-913f-7f22bb3fddcf%40f9941.46083.json,Crop_8003_Seed,0088_Crop_8003_Seed__56d5a4b1-095f-44cf-913f-7f22bb3fddcf.png,100,100,6x6x1,RGBA,straight,decoder_BGRA_to_PNG_RGBA,False,"{'x': 0, 'y': 2, 'width': 100, 'height': 98}","{'width': 100, 'height': 100}",6b496b7adb0780750ca5ab9498b3566f99bb3649f2ee1ae1274b03e4d93fa9c1
89,release/remote/plant/native/54/5432d98e-84cb-4456-af35-ea2b8b194efe.c07ec.astc,5432d98e-84cb-4456-af35-ea2b8b194efe,release/remote/plant/import/54/5432d98e-84cb-4456-af35-ea2b8b194efe%40f9941.eb8dd.json,Crop_104_Seed,0089_Crop_104_Seed__5432d98e-84cb-4456-af35-ea2b8b194efe.png,100,100,6x6x1,RGBA,straight,decoder_BGRA_to_PNG_RGBA,False,"{'x': 9, 'y': 17, 'width': 84, 'height': 71}","{'width': 100, 'height': 100}",04e234664281b08fadfd27267a06af26b665677e1f9cf0fe5d5e01cbee5cea6a
90,release/remote/plant/native/53/5339f838-328c-47eb-9bf4-c381c4c22355.74be0.astc,5339f838-328c-47eb-9bf4-c381c4c22355,release/remote/plant/import/53/5339f838-328c-47eb-9bf4-c381c4c22355%40f9941.ec121.json,Crop_249_Seed,0090_Crop_249_Seed__5339f838-328c-47eb-9bf4-c381c4c22355.png,100,100,6x6x1,RGBA,straight,decoder_BGRA_to_PNG_RGBA,False,"{'x': 7, 'y': 5, 'width': 90, 'height': 90}","{'width': 100, 'height': 100}",67180e46feca1272e78715340374c8129a1fe9ce95a7cf5153e5b402eacec633
91,release/remote/plant/native/50/5082e580-88c9-4045-922f-80bee40e7640.bd6f4.astc,5082e580-88c9-4045-922f-80bee40e7640,release/remote/plant/import/50/5082e580-88c9-4045-922f-80bee40e7640%40f9941.7c667.json,Crop_304_Seed,0091_Crop_304_Seed__5082e580-88c9-4045-922f-80bee40e7640.png,100,100,6x6x1,RGBA,straight,decoder_BGRA_to_PNG_RGBA,False,"{'x': 0, 'y': 0, 'width': 100, 'height': 100}","{'width': 100, 'height': 100}",31423716b8eecdd23b0e4f183df5db1102fb566e564ec09c1825a0d93b9d7038
92,release/remote/plant/native/4f/4fae6704-d1f8-48db-beba-7c9ef1d8484d.254cd.astc,4fae6704-d1f8-48db-beba-7c9ef1d8484d,release/remote/plant/import/4f/4fae6704-d1f8-48db-beba-7c9ef1d8484d%40f9941.04641.json,Crop_251_Seed,0092_Crop_251_Seed__4fae6704-d1f8-48db-beba-7c9ef1d8484d.png,100,100,6x6x1,RGBA,straight,decoder_BGRA_to_PNG_RGBA,False,"{'x': 5, 'y': 5, 'width': 91, 'height': 91}","{'width': 100, 'height': 100}",52723a85612a320f2e72c49b054274a0c20849ac96624e4275be9d554ca70436
93,release/remote/plant/native/4d/4dece6fa-cc57-49dc-a928-bdc8c18e88bf.6ebf2.astc,4dece6fa-cc57-49dc-a928-bdc8c18e88bf,release/remote/plant/import/4d/4dece6fa-cc57-49dc-a928-bdc8c18e88bf%40f9941.e2c31.json,Crop_112_Seed,0093_Crop_112_Seed__4dece6fa-cc57-49dc-a928-bdc8c18e88bf.png,100,100,6x6x1,RGBA,straight,decoder_BGRA_to_PNG_RGBA,False,"{'x': 7, 'y': 5, 'width': 90, 'height': 90}","{'width': 100, 'height': 100}",b65c2e719ae4fa4ca00bd6b95e5b9782a5d495d663bd19b0b59b70f3eb038a4e
94,release/remote/plant/native/48/4835cfb3-5cb8-4b21-b83a-868b62aa2981.9767e.astc,4835cfb3-5cb8-4b21-b83a-868b62aa2981,release/remote/plant/import/48/4835cfb3-5cb8-4b21-b83a-868b62aa2981%40f9941.213e3.json,Crop_242_Seed,0094_Crop_242_Seed__4835cfb3-5cb8-4b21-b83a-868b62aa2981.png,100,100,6x6x1,RGBA,straight,decoder_BGRA_to_PNG_RGBA,False,"{'x': 16, 'y': 15, 'width': 74, 'height': 74}","{'width': 100, 'height': 100}",86111ce614dc90190ce7f9b4330640e6435e4c2e134f3a3b57213bd9ae2b5d9b
95,release/remote/plant/native/47/47b8d471-9b0d-4036-914c-2b148128cee8.4fed0.astc,47b8d471-9b0d-4036-914c-2b148128cee8,release/remote/plant/import/47/47b8d471-9b0d-4036-914c-2b148128cee8%40f9941.8eacd.json,Crop_167_Seed,0095_Crop_167_Seed__47b8d471-9b0d-4036-914c-2b148128cee8.png,100,100,6x6x1,RGBA,straight,decoder_BGRA_to_PNG_RGBA,False,"{'x': 2, 'y': 2, 'width': 97, 'height': 97}","{'width': 100, 'height': 100}",518614416eaa3f1ccc0c04c5328dd4541a886a8d8e292af75c534c9551c9952a
96,release/remote/plant/native/3e/3ebf3c3f-c93a-465a-90d8-7ef92799d9fd.1eec9.astc,3ebf3c3f-c93a-465a-90d8-7ef92799d9fd,release/remote/plant/import/3e/3ebf3c3f-c93a-465a-90d8-7ef92799d9fd%40f9941.d7cf4.json,Crop_225_Seed,0096_Crop_225_Seed__3ebf3c3f-c93a-465a-90d8-7ef92799d9fd.png,100,100,6x6x1,RGBA,straight,decoder_BGRA_to_PNG_RGBA,False,"{'x': 14, 'y': 13, 'width': 79, 'height': 71}","{'width': 100, 'height': 100}",c67be0b6d68e73b3fec50149bee8e590c14a1674e13d9c04bef08e0a645ff1af
97,release/remote/plant/native/3d/3dce20af-8b44-4fc9-b94f-36e5d949c88e.a361c.astc,3dce20af-8b44-4fc9-b94f-36e5d949c88e,release/remote/plant/import/3d/3dce20af-8b44-4fc9-b94f-36e5d949c88e%40f9941.f3230.json,Crop_193_Seed,0097_Crop_193_Seed__3dce20af-8b44-4fc9-b94f-36e5d949c88e.png,100,100,6x6x1,RGBA,straight,decoder_BGRA_to_PNG_RGBA,False,"{'x': 0, 'y': 0, 'width': 100, 'height': 100}","{'width': 100, 'height': 100}",ae4c4d41ef4e37298cda083dd64456703341b6c8fd7295235da7991afb8d6215
98,release/remote/plant/native/3c/3c979f65-3e72-4738-b8f4-02c450a998b6.200cc.astc,3c979f65-3e72-4738-b8f4-02c450a998b6,release/remote/plant/import/3c/3c979f65-3e72-4738-b8f4-02c450a998b6%40f9941.09d1c.json,Crop_186_Seed,0098_Crop_186_Seed__3c979f65-3e72-4738-b8f4-02c450a998b6.png,100,100,6x6x1,RGBA,straight,decoder_BGRA_to_PNG_RGBA,False,"{'x': 0, 'y': 0, 'width': 100, 'height': 100}","{'width': 100, 'height': 100}",4f3e1659439c82e198ceada28cd09c9bcc9e0f3e222dd78ea01a220e58708c15
99,release/remote/plant/native/37/37907af1-5b5e-4698-8fa7-db031b8ca565.707fc.astc,37907af1-5b5e-4698-8fa7-db031b8ca565,release/remote/plant/import/37/37907af1-5b5e-4698-8fa7-db031b8ca565%40f9941.3ca74.json,Crop_129_Seed,0099_Crop_129_Seed__37907af1-5b5e-4698-8fa7-db031b8ca565.png,100,100,6x6x1,RGBA,straight,decoder_BGRA_to_PNG_RGBA,False,"{'x': 0, 'y': 0, 'width': 100, 'height': 100}","{'width': 100, 'height': 100}",2d9086eadb59b5b8fcaa9271cdcdb57d2a041e98cef05a284ec87cbb79b183a2
100,release/remote/plant/native/36/36e159cb-224e-455b-90a8-b8a808da05b1.3203e.astc,36e159cb-224e-455b-90a8-b8a808da05b1,release/remote/plant/import/36/36e159cb-224e-455b-90a8-b8a808da05b1%40f9941.03f8e.json,Crop_1474_Seed,0100_Crop_1474_Seed__36e159cb-224e-455b-90a8-b8a808da05b1.png,100,100,6x6x1,RGBA,straight,decoder_BGRA_to_PNG_RGBA,False,"{'x': 0, 'y': 0, 'width': 100, 'height': 100}","{'width': 100, 'height': 100}",bb58b52a2489dbd4be3a4aa5df7dd0d2c6d8feb4ca0fcc7f4e9da5f18191c529
101,release/remote/plant/native/34/34472172-12f7-4ca3-a087-a3bdc18a233d.e535b.astc,34472172-12f7-4ca3-a087-a3bdc18a233d,release/remote/plant/import/34/34472172-12f7-4ca3-a087-a3bdc18a233d%40f9941.fb4a1.json,Crop_108_Seed,0101_Crop_108_Seed__34472172-12f7-4ca3-a087-a3bdc18a233d.png,100,100,6x6x1,RGBA,straight,decoder_BGRA_to_PNG_RGBA,False,"{'x': 0, 'y': 0, 'width': 100, 'height': 100}","{'width': 100, 'height': 100}",d0410b1533d6d91bb88ac4a9a6dfa233cc96a2b269f48a6d4ac300f3df1bcdec
102,release/remote/plant/native/33/33a984e8-eace-450d-b8b5-cbe3e57caef2.750be.astc,33a984e8-eace-450d-b8b5-cbe3e57caef2,release/remote/plant/import/33/33a984e8-eace-450d-b8b5-cbe3e57caef2%40f9941.78aa2.json,Crop_264_Seed,0102_Crop_264_Seed__33a984e8-eace-450d-b8b5-cbe3e57caef2.png,100,100,6x6x1,RGBA,straight,decoder_BGRA_to_PNG_RGBA,False,"{'x': 0, 'y': 0, 'width': 100, 'height': 100}","{'width': 100, 'height': 100}",3d031b8f6addb931326d99a063c079bbc866e7704fa6f45ebdc163c54f03c59c
103,release/remote/plant/native/33/339cdcae-204a-4bcc-b9ce-389aeab4510a.0b38f.astc,339cdcae-204a-4bcc-b9ce-389aeab4510a,release/remote/plant/import/33/339cdcae-204a-4bcc-b9ce-389aeab4510a%40f9941.d40a8.json,Crop_131_Seed,0103_Crop_131_Seed__339cdcae-204a-4bcc-b9ce-389aeab4510a.png,100,100,6x6x1,RGBA,straight,decoder_BGRA_to_PNG_RGBA,False,"{'x': 12, 'y': 18, 'width': 81, 'height': 70}","{'width': 100, 'height': 100}",d550287014dd03ad4170b8d4f742426074e74b9de81df1be9c3513cf2b7e1a23
104,release/remote/plant/native/33/331a7b9c-60b7-4726-a55a-c35a942e2b73.198b9.astc,331a7b9c-60b7-4726-a55a-c35a942e2b73,release/remote/plant/import/33/331a7b9c-60b7-4726-a55a-c35a942e2b73%40f9941.49151.json,kuwei,0104_kuwei__331a7b9c-60b7-4726-a55a-c35a942e2b73.png,150,150,6x6x1,RGBA,straight,decoder_BGRA_to_PNG_RGBA,False,"{'x': 19, 'y': 58, 'width': 125, 'height': 56}","{'width': 150, 'height': 150}",12f610d05a857231e4358957844c74ca4b0e63a614b0dfa800d331f26d9e3202
105,release/remote/plant/native/31/31064377-5ef5-467d-a48b-e367bad0b7c6.2c3ae.astc,31064377-5ef5-467d-a48b-e367bad0b7c6,release/remote/plant/import/31/31064377-5ef5-467d-a48b-e367bad0b7c6%40f9941.81aa9.json,Crop_224_Seed,0105_Crop_224_Seed__31064377-5ef5-467d-a48b-e367bad0b7c6.png,100,100,6x6x1,RGBA,straight,decoder_BGRA_to_PNG_RGBA,False,"{'x': 7, 'y': 5, 'width': 90, 'height': 90}","{'width': 100, 'height': 100}",474fa53e18e128fce98c6afa9c74d7bbff9400b62b6a93c8f69b29f65437eff6
106,release/remote/plant/native/2c/2cd90760-8462-481c-8406-721693c00160.e01a7.astc,2cd90760-8462-481c-8406-721693c00160,release/remote/plant/import/2c/2cd90760-8462-481c-8406-721693c00160%40f9941.de536.json,Crop_416_Seed,0106_Crop_416_Seed__2cd90760-8462-481c-8406-721693c00160.png,100,100,6x6x1,RGBA,straight,decoder_BGRA_to_PNG_RGBA,False,"{'x': 0, 'y': 0, 'width': 100, 'height': 100}","{'width': 100, 'height': 100}",28a6206970d783ec19b33a6401794ffb6758ccddf5c2ed7b1afab0b5163255ec
107,release/remote/plant/native/2c/2c6f8a5c-2ae7-48c2-8503-16e5c3c0e1e2.88020.astc,2c6f8a5c-2ae7-48c2-8503-16e5c3c0e1e2,release/remote/plant/import/2c/2c6f8a5c-2ae7-48c2-8503-16e5c3c0e1e2%40f9941.c225e.json,Crop_258_Seed,0107_Crop_258_Seed__2c6f8a5c-2ae7-48c2-8503-16e5c3c0e1e2.png,100,100,6x6x1,RGBA,straight,decoder_BGRA_to_PNG_RGBA,False,"{'x': 0, 'y': 0, 'width': 100, 'height': 100}","{'width': 100, 'height': 100}",d24efab5e07fe3a5f9574a74c55b6f3ea1af2df8ad5323066b3fddd950e94c41
108,release/remote/plant/native/2c/2c183f52-2c55-4321-a15e-6187c09d6910.21984.astc,2c183f52-2c55-4321-a15e-6187c09d6910,release/remote/plant/import/2c/2c183f52-2c55-4321-a15e-6187c09d6910%40f9941.4ba96.json,Crop_9001_Seed,0108_Crop_9001_Seed__2c183f52-2c55-4321-a15e-6187c09d6910.png,100,100,6x6x1,RGBA,straight,decoder_BGRA_to_PNG_RGBA,False,"{'x': 0, 'y': 0, 'width': 100, 'height': 100}","{'width': 100, 'height': 100}",97429718d36758bf94c7ed2d39d425ce365b06a8d645344b49abf80632a2a7f9
109,release/remote/plant/native/2a/2a664592-85ba-4cca-9fde-149a40577315.c5550.astc,2a664592-85ba-4cca-9fde-149a40577315,release/remote/plant/import/2a/2a664592-85ba-4cca-9fde-149a40577315%40f9941.2b762.json,Crop_132_Seed,0109_Crop_132_Seed__2a664592-85ba-4cca-9fde-149a40577315.png,100,100,6x6x1,RGBA,straight,decoder_BGRA_to_PNG_RGBA,False,"{'x': 14, 'y': 13, 'width': 74, 'height': 76}","{'width': 100, 'height': 100}",567f64bbe68368a4b9a3fa0a7cbb28168333a39d4705cd75279e4ab0d22772f1
110,release/remote/plant/native/20/20946d87-9439-47d3-96d5-3cc651d2cb4b.3fb87.astc,20946d87-9439-47d3-96d5-3cc651d2cb4b,release/remote/plant/import/20/20946d87-9439-47d3-96d5-3cc651d2cb4b%40f9941.8f0d1.json,Crop_257_Seed,0110_Crop_257_Seed__20946d87-9439-47d3-96d5-3cc651d2cb4b.png,100,100,6x6x1,RGBA,straight,decoder_BGRA_to_PNG_RGBA,False,"{'x': 0, 'y': 0, 'width': 100, 'height': 100}","{'width': 100, 'height': 100}",67be9f6c2e85fcb0f928c7a2e9ea73008e941e3dbece7c03d186eea641b0412e
111,release/remote/plant/native/1d/1d7a9f38-df8e-40be-9a54-404fc3080446.a7e94.astc,1d7a9f38-df8e-40be-9a54-404fc3080446,release/remote/plant/import/1d/1d7a9f38-df8e-40be-9a54-404fc3080446%40f9941.d7061.json,Crop_185_Seed,0111_Crop_185_Seed__1d7a9f38-df8e-40be-9a54-404fc3080446.png,100,100,6x6x1,RGBA,straight,decoder_BGRA_to_PNG_RGBA,False,"{'x': 0, 'y': 0, 'width': 100, 'height': 100}","{'width': 100, 'height': 100}",dbfba4287f9c4d8666f69cec576c19674fb594e7965836aaceb44494a505c60d
112,release/remote/plant/native/1a/1a42cdff-1915-4aa0-aec1-139844b7101a.499a4.astc,1a42cdff-1915-4aa0-aec1-139844b7101a,release/remote/plant/import/1a/1a42cdff-1915-4aa0-aec1-139844b7101a%40f9941.4c0b6.json,Crop_267_Seed,0112_Crop_267_Seed__1a42cdff-1915-4aa0-aec1-139844b7101a.png,100,100,6x6x1,RGBA,straight,decoder_BGRA_to_PNG_RGBA,False,"{'x': 3, 'y': 2, 'width': 94, 'height': 95}","{'width': 100, 'height': 100}",645b6cb9a96db1aee9eec44146cb6a01531ac727eabb5ee8de8dc4fe6045b3d1
113,release/remote/plant/native/18/18bc64ca-a495-42a2-91a0-70dc5c01072f.155f2.astc,18bc64ca-a495-42a2-91a0-70dc5c01072f,release/remote/plant/import/18/18bc64ca-a495-42a2-91a0-70dc5c01072f%40f9941.a5f9b.json,Crop_264_Seed,0113_Crop_264_Seed__18bc64ca-a495-42a2-91a0-70dc5c01072f.png,100,100,6x6x1,RGBA,straight,decoder_BGRA_to_PNG_RGBA,False,"{'x': 4, 'y': 4, 'width': 92, 'height': 92}","{'width': 100, 'height': 100}",311a1d9cdeaa369235980670be61116ad6c4086bb8c8e053caf405000f566350
114,release/remote/plant/native/16/1620be8c-9e8f-4476-a016-4d00ffd8b23c.f8f0b.astc,1620be8c-9e8f-4476-a016-4d00ffd8b23c,release/remote/plant/import/16/1620be8c-9e8f-4476-a016-4d00ffd8b23c%40f9941.43ee7.json,Crop_46_Seed,0114_Crop_46_Seed__1620be8c-9e8f-4476-a016-4d00ffd8b23c.png,100,100,6x6x1,RGBA,straight,decoder_BGRA_to_PNG_RGBA,False,"{'x': 0, 'y': 0, 'width': 100, 'height': 100}","{'width': 100, 'height': 100}",a58f02772ad52909ad62a1b696debc28dbdc7ca37069c13147bc4837710321a6
115,release/remote/plant/native/13/136fcac2-4368-418e-ae23-3071325bdeda.12685.astc,136fcac2-4368-418e-ae23-3071325bdeda,release/remote/plant/import/13/136fcac2-4368-418e-ae23-3071325bdeda%40f9941.c0294.json,Crop_6109_Seed,0115_Crop_6109_Seed__136fcac2-4368-418e-ae23-3071325bdeda.png,100,100,6x6x1,RGBA,straight,decoder_BGRA_to_PNG_RGBA,False,"{'x': 3, 'y': 2, 'width': 94, 'height': 95}","{'width': 100, 'height': 100}",8e08783f3b8364a9cd5b4a9ed7f3e1a6301e701e76c361e7da7ffb637305acfa
116,release/remote/plant/native/10/104a17da-d00f-4b22-8923-3f586b59f526.bb578.astc,104a17da-d00f-4b22-8923-3f586b59f526,release/remote/plant/import/10/104a17da-d00f-4b22-8923-3f586b59f526%40f9941.63bd4.json,Crop_121_Seed,0116_Crop_121_Seed__104a17da-d00f-4b22-8923-3f586b59f526.png,100,100,6x6x1,RGBA,straight,decoder_BGRA_to_PNG_RGBA,False,"{'x': 1, 'y': 1, 'width': 97, 'height': 97}","{'width': 100, 'height': 100}",473135697187e218aaa49bf8b2ca5aeae1a46a17fb5d9d13a7deb5a6c291560a
117,release/remote/plant/native/10/1002a2cc-fe2e-401f-b1e3-2ceb061fdb00.84f6c.astc,1002a2cc-fe2e-401f-b1e3-2ceb061fdb00,release/remote/plant/import/10/1002a2cc-fe2e-401f-b1e3-2ceb061fdb00%40f9941.d0041.json,Crop_172_Seed,0117_Crop_172_Seed__1002a2cc-fe2e-401f-b1e3-2ceb061fdb00.png,100,100,6x6x1,RGBA,straight,decoder_BGRA_to_PNG_RGBA,False,"{'x': 13, 'y': 15, 'width': 79, 'height': 73}","{'width': 100, 'height': 100}",25a27389f7ed8612445324ecee68fe75744c485ebc71cac925465b082a20e412
118,release/remote/plant/native/0c/0c552948-5a97-4f97-b21b-455293f2c4fc.80a5b.astc,0c552948-5a97-4f97-b21b-455293f2c4fc,release/remote/plant/import/0c/0c552948-5a97-4f97-b21b-455293f2c4fc%40f9941.6fe87.json,Crop_1050_Seed,0118_Crop_1050_Seed__0c552948-5a97-4f97-b21b-455293f2c4fc.png,100,100,6x6x1,RGBA,straight,decoder_BGRA_to_PNG_RGBA,False,"{'x': 3, 'y': 1, 'width': 94, 'height': 95}","{'width': 100, 'height': 100}",053b71c80a2c35a8fccb33cc6bb1a74f5fb428bbd4eb7e75710fe34e29978c78
119,release/remote/plant/native/07/0726c11e-dc4e-4b6e-8a6c-1933a9fe377b.cda0b.astc,0726c11e-dc4e-4b6e-8a6c-1933a9fe377b,release/remote/plant/import/07/0726c11e-dc4e-4b6e-8a6c-1933a9fe377b%40f9941.e54ba.json,Crop_261_Seed,0119_Crop_261_Seed__0726c11e-dc4e-4b6e-8a6c-1933a9fe377b.png,100,100,6x6x1,RGBA,straight,decoder_BGRA_to_PNG_RGBA,False,"{'x': 0, 'y': 0, 'width': 100, 'height': 100}","{'width': 100, 'height': 100}",c85e6e27065df3c819a6aa4c993e25d985429ca1dc047afe2c57c824cd146553
120,release/remote/petdog/native/55/550b0ca0-8a1e-41b0-9642-95adbed036e6.0dc55.astc,550b0ca0-8a1e-41b0-9642-95adbed036e6,release/remote/petdog/import/55/550b0ca0-8a1e-41b0-9642-95adbed036e6.19fac.json,,0120_asset__550b0ca0-8a1e-41b0-9642-95adbed036e6.png,1024,1024,6x6x1,RGBA,straight,decoder_BGRA_to_PNG_RGBA,,,,fd6004f04436c83e4a16d62a12334c938bfc6842cd9a829ec1ea18bbf8e0fdf5
121,release/remote/petdog/native/24/24a5a8e9-4cfd-428e-bdac-19114b175ace.3b468.astc,24a5a8e9-4cfd-428e-bdac-19114b175ace,release/remote/petdog/import/24/24a5a8e9-4cfd-428e-bdac-19114b175ace.19fac.json,,0121_asset__24a5a8e9-4cfd-428e-bdac-19114b175ace.png,1024,1024,6x6x1,RGBA,straight,decoder_BGRA_to_PNG_RGBA,,,,edc1384f978c191dba8589b76df61d0618d45fdc493c5ca5c303ae385d48ad2b
122,release/remote/extraRes/native/ff/ff3c1c6f-3de4-4ed9-ae71-859d0cd73e53.8c006.astc,ff3c1c6f-3de4-4ed9-ae71-859d0cd73e53,release/remote/extraRes/import/ff/ff3c1c6f-3de4-4ed9-ae71-859d0cd73e53%40f9941.e79a7.json,icon_diamond,0122_icon_diamond__ff3c1c6f-3de4-4ed9-ae71-859d0cd73e53.png,100,100,6x6x1,RGBA,straight,decoder_BGRA_to_PNG_RGBA,False,"{'x': 9, 'y': 14, 'width': 82, 'height': 72}","{'width': 100, 'height': 100}",b555ddc07551c6bd503c6be213657050811509e2f0c320e81189229a628810fe
123,release/remote/extraRes/native/fe/fe70f1d5-94f9-4a2c-b56b-f5f078119356.3f8d9.astc,fe70f1d5-94f9-4a2c-b56b-f5f078119356,release/remote/extraRes/import/fe/fe70f1d5-94f9-4a2c-b56b-f5f078119356.19fac.json,,0123_asset__fe70f1d5-94f9-4a2c-b56b-f5f078119356.png,275,180,6x6x1,RGBA,straight,decoder_BGRA_to_PNG_RGBA,,,,4a753be06ad0f30570b2405eb860fd354630179750e129b8a91ba4bbd5656c62
124,release/remote/extraRes/native/fc/fcf54112-9488-4a6c-afc1-40667e1d1b82.ae81e.astc,fcf54112-9488-4a6c-afc1-40667e1d1b82,release/remote/extraRes/import/fc/fcf54112-9488-4a6c-afc1-40667e1d1b82%40f9941.b2791.json,icon_skin_house_4,0124_icon_skin_house_4__fcf54112-9488-4a6c-afc1-40667e1d1b82.png,100,100,6x6x1,RGBA,straight,decoder_BGRA_to_PNG_RGBA,False,"{'x': 4, 'y': 12, 'width': 93, 'height': 79}","{'width': 100, 'height': 100}",5df35bfe7fbe6b202ade6b866b45c81d33d0e8985b47dbcedabb4d60843e4620
125,release/remote/extraRes/native/fc/fcb96ba1-1344-467c-ab8f-fb68e96418e1.c0685.astc,fcb96ba1-1344-467c-ab8f-fb68e96418e1,release/remote/extraRes/import/fc/fcb96ba1-1344-467c-ab8f-fb68e96418e1%40f9941.e049a.json,icon_nameplate_S2_1,0125_icon_nameplate_S2_1__fcb96ba1-1344-467c-ab8f-fb68e96418e1.png,100,100,6x6x1,RGBA,straight,decoder_BGRA_to_PNG_RGBA,False,"{'x': 2, 'y': 13, 'width': 96, 'height': 71}","{'width': 100, 'height': 100}",958f7d6708ce8a1979059402a3ac518cd20cc8709be70162c7bb017da67e634b
126,release/remote/extraRes/native/fc/fc71c401-e847-4609-81b2-cac1c7df92d4.79b13.astc,fc71c401-e847-4609-81b2-cac1c7df92d4,release/remote/extraRes/import/fc/fc71c401-e847-4609-81b2-cac1c7df92d4.19fac.json,,0126_asset__fc71c401-e847-4609-81b2-cac1c7df92d4.png,31,35,6x6x1,RGBA,straight,decoder_BGRA_to_PNG_RGBA,,,,091cd9ec47bc7bc7b81ba0b2ccb2aadf61f20f8e1a566abd417200af6c983eae
127,release/remote/extraRes/native/fa/fa8f178b-29f0-4a03-80c1-70ddc1017842.c7afc.astc,fa8f178b-29f0-4a03-80c1-70ddc1017842,release/remote/extraRes/import/fa/fa8f178b-29f0-4a03-80c1-70ddc1017842.19fac.json,,0127_asset__fa8f178b-29f0-4a03-80c1-70ddc1017842.png,518,4,6x6x1,RGBA,straight,decoder_BGRA_to_PNG_RGBA,,,,018c6d33bdcc3a6afd98be49f802f2351a1cf158ed785a38859cd33ab0d2183f
128,release/remote/extraRes/native/f8/f874dcdb-fbc2-43cb-9fea-1687ff5a23c7.af305.astc,f874dcdb-fbc2-43cb-9fea-1687ff5a23c7,release/remote/extraRes/import/f8/f874dcdb-fbc2-43cb-9fea-1687ff5a23c7%40f9941.aeb9d.json,icon_skin_barrier_1,0128_icon_skin_barrier_1__f874dcdb-fbc2-43cb-9fea-1687ff5a23c7.png,100,100,6x6x1,RGBA,straight,decoder_BGRA_to_PNG_RGBA,False,"{'x': 0, 'y': 14, 'width': 99, 'height': 75}","{'width': 100, 'height': 100}",e3957b39b491896a4581fec67f82c8c84cffc7d4ee06312faf2fb5292a832a17
129,release/remote/extraRes/native/f8/f861572f-bbf0-42ad-bbee-c771a0ba6a54.88b17.astc,f861572f-bbf0-42ad-bbee-c771a0ba6a54,release/remote/extraRes/import/f8/f861572f-bbf0-42ad-bbee-c771a0ba6a54.19fac.json,,0129_asset__f861572f-bbf0-42ad-bbee-c771a0ba6a54.png,647,328,6x6x1,RGBA,straight,decoder_BGRA_to_PNG_RGBA,,,,54d5a167c2fe09e8f348f970f26d0a06f73c968c0f793c6d7a1f63cfeb56c168
130,release/remote/extraRes/native/f7/f7c10fde-aaf3-429e-952a-43e7f63f0e73.442c9.astc,f7c10fde-aaf3-429e-952a-43e7f63f0e73,release/remote/extraRes/import/f7/f7c10fde-aaf3-429e-952a-43e7f63f0e73.19fac.json,,0130_asset__f7c10fde-aaf3-429e-952a-43e7f63f0e73.png,116,94,6x6x1,RGBA,straight,decoder_BGRA_to_PNG_RGBA,,,,860d8ae2789566e744ae14073f068686731c0588e62e1a80c327cefc1e1f2996
131,release/remote/extraRes/native/f6/f69ddca3-fa7c-4bf1-bbb3-690355694552.06995.astc,f69ddca3-fa7c-4bf1-bbb3-690355694552,release/remote/extraRes/import/f6/f69ddca3-fa7c-4bf1-bbb3-690355694552%40f9941.84332.json,icon_skin_barrier_4,0131_icon_skin_barrier_4__f69ddca3-fa7c-4bf1-bbb3-690355694552.png,100,100,6x6x1,RGBA,straight,decoder_BGRA_to_PNG_RGBA,False,"{'x': 6, 'y': 9, 'width': 82, 'height': 82}","{'width': 100, 'height': 100}",f70401479ece96a4eaf02becab18656fca4041a50f71e2f47a383ee1bfa9659e
132,release/remote/extraRes/native/f6/f60f4a68-3757-4e49-8b9e-4686350df81d.6dea9.astc,f60f4a68-3757-4e49-8b9e-4686350df81d,release/remote/extraRes/import/f6/f60f4a68-3757-4e49-8b9e-4686350df81d.19fac.json,,0132_asset__f60f4a68-3757-4e49-8b9e-4686350df81d.png,122,122,6x6x1,RGBA,straight,decoder_BGRA_to_PNG_RGBA,,,,49a97850c6411955c7e9cf4c830e99f4f583a01209be6e75161fe334440d9f2d
133,release/remote/extraRes/native/f6/f6026804-6483-4879-a6c1-134d2334704a.fe19e.astc,f6026804-6483-4879-a6c1-134d2334704a,release/remote/extraRes/import/f6/f6026804-6483-4879-a6c1-134d2334704a%40f9941.37737.json,icon_skin_road_8,0133_icon_skin_road_8__f6026804-6483-4879-a6c1-134d2334704a.png,100,100,6x6x1,RGBA,straight,decoder_BGRA_to_PNG_RGBA,False,"{'x': 1, 'y': 20, 'width': 98, 'height': 61}","{'width': 100, 'height': 100}",cab54b0385085d7608e5b8668a1d993e4bf02be4e3c37df83c02d3ecf0140869
134,release/remote/extraRes/native/f5/f5bde290-de64-4e6f-974f-81997d3386e0.7531f.astc,f5bde290-de64-4e6f-974f-81997d3386e0,release/remote/extraRes/import/f5/f5bde290-de64-4e6f-974f-81997d3386e0%40f9941.82d95.json,land_valid_selected,0134_land_valid_selected__f5bde290-de64-4e6f-974f-81997d3386e0.png,150,89,6x6x1,RGBA,straight,decoder_BGRA_to_PNG_RGBA,False,"{'x': 0, 'y': 0, 'width': 150, 'height': 89}","{'width': 150, 'height': 89}",2216f6eabbad9186615b0ce636ed03a9072c5cb366e7463cb46fa378c982c1eb
135,release/remote/extraRes/native/f4/f4a3b630-0b0c-4dbd-988d-176650236326.6c6e2.astc,f4a3b630-0b0c-4dbd-988d-176650236326,release/remote/extraRes/import/f4/f4a3b630-0b0c-4dbd-988d-176650236326%40f9941.427e3.json,img_skin_item_rarity3,0135_img_skin_item_rarity3__f4a3b630-0b0c-4dbd-988d-176650236326.png,136,138,6x6x1,RGBA,straight,decoder_BGRA_to_PNG_RGBA,False,"{'x': 0, 'y': 0, 'width': 136, 'height': 138}","{'width': 136, 'height': 138}",ce559964a253c5581938d0c068f16138f36e31aa608e704e8a81c2d85d1d9166
136,release/remote/extraRes/native/f3/f37b777e-be97-44e6-a129-414a11e260df.09bab.astc,f37b777e-be97-44e6-a129-414a11e260df,release/remote/extraRes/import/f3/f37b777e-be97-44e6-a129-414a11e260df.19fac.json,,0136_asset__f37b777e-be97-44e6-a129-414a11e260df.png,512,512,6x6x1,RGBA,straight,decoder_BGRA_to_PNG_RGBA,,,,c7cab347a01def0d0b08fdfaf8e935c53063728c39530b1bd4f433570d542652
137,release/remote/extraRes/native/f2/f20a9505-3a66-4fa6-90e7-ec501ee37ba4.86a97.astc,f20a9505-3a66-4fa6-90e7-ec501ee37ba4,release/remote/extraRes/import/f2/f20a9505-3a66-4fa6-90e7-ec501ee37ba4%40f9941.a2852.json,icon_skin_warehouse_3,0137_icon_skin_warehouse_3__f20a9505-3a66-4fa6-90e7-ec501ee37ba4.png,100,100,6x6x1,RGBA,straight,decoder_BGRA_to_PNG_RGBA,False,"{'x': 0, 'y': 16, 'width': 99, 'height': 70}","{'width': 100, 'height': 100}",86cbe3001c2dbb5061e489918e0dab5673052b169c7a61430e917e64c83cd5a1
138,release/remote/extraRes/native/f1/f1910312-df8c-41ee-a412-7c208eff3045.4ef9f.astc,f1910312-df8c-41ee-a412-7c208eff3045,release/remote/extraRes/import/f1/f1910312-df8c-41ee-a412-7c208eff3045%40f9941.c8af3.json,img_dog_skill2,0138_img_dog_skill2__f1910312-df8c-41ee-a412-7c208eff3045.png,60,62,6x6x1,RGBA,straight,decoder_BGRA_to_PNG_RGBA,False,"{'x': 0, 'y': 0, 'width': 60, 'height': 62}","{'width': 60, 'height': 62}",7a68256da89d5e554c1130ca1787ab79a6bc20c97649076d403f43f6d4af7926
139,release/remote/extraRes/native/f0/f080da8e-93f4-4d1e-8a2a-6493a8656e9e.d0d4c.astc,f080da8e-93f4-4d1e-8a2a-6493a8656e9e,release/remote/extraRes/import/f0/f080da8e-93f4-4d1e-8a2a-6493a8656e9e%40f9941.10f55.json,img_nameplate_S2_1_1,0139_img_nameplate_S2_1_1__f080da8e-93f4-4d1e-8a2a-6493a8656e9e.png,606,132,6x6x1,RGBA,straight,decoder_BGRA_to_PNG_RGBA,False,"{'x': 0, 'y': 0, 'width': 606, 'height': 132}","{'width': 606, 'height': 132}",f9b4be01131255648ca593c2c6011f2e69dd4b1054d21af91234d13a1dbde046
140,release/remote/extraRes/native/f0/f01a0d29-fe7c-49aa-b473-bf4cc9928a7f.e6fc3.astc,f01a0d29-fe7c-49aa-b473-bf4cc9928a7f,release/remote/extraRes/import/f0/f01a0d29-fe7c-49aa-b473-bf4cc9928a7f.19fac.json,,0140_asset__f01a0d29-fe7c-49aa-b473-bf4cc9928a7f.png,178,67,6x6x1,RGBA,straight,decoder_BGRA_to_PNG_RGBA,,,,55d5c61fbf01e8a569461ee1ab39db48788f2d27244d385bdfafc6f62b50949b
141,release/remote/extraRes/native/ef/ef6d9a69-f4d7-4b96-ac68-236a6e2f0015.7859f.astc,ef6d9a69-f4d7-4b96-ac68-236a6e2f0015,release/remote/extraRes/import/ef/ef6d9a69-f4d7-4b96-ac68-236a6e2f0015.19fac.json,,0141_asset__ef6d9a69-f4d7-4b96-ac68-236a6e2f0015.png,61,62,6x6x1,RGBA,straight,decoder_BGRA_to_PNG_RGBA,,,,808471ed8b9d2bc192ad27b4cf2437e7bf507641459fed49a7d8ec738b548307
142,release/remote/extraRes/native/ef/ef390d1f-fba2-4cfb-ae6d-4602e5a71fcf.564c7.astc,ef390d1f-fba2-4cfb-ae6d-4602e5a71fcf,release/remote/extraRes/import/ef/ef390d1f-fba2-4cfb-ae6d-4602e5a71fcf.19fac.json,,0142_asset__ef390d1f-fba2-4cfb-ae6d-4602e5a71fcf.png,60,454,6x6x1,RGBA,straight,decoder_BGRA_to_PNG_RGBA,,,,864aa1186b91c2f1e96eb77b3f7251c6233b6605c2bf3a8bdaf1826cf3cf6d7a
143,release/remote/extraRes/native/ef/ef08650a-6f8e-4edb-b83e-fb845dfd8601.6afa9.astc,ef08650a-6f8e-4edb-b83e-fb845dfd8601,release/remote/extraRes/import/ef/ef08650a-6f8e-4edb-b83e-fb845dfd8601%40f9941.92778.json,icon_skin_board_6,0143_icon_skin_board_6__ef08650a-6f8e-4edb-b83e-fb845dfd8601.png,100,100,6x6x1,RGBA,straight,decoder_BGRA_to_PNG_RGBA,False,"{'x': 12, 'y': 7, 'width': 78, 'height': 86}","{'width': 100, 'height': 100}",dfde12c465972d3bd4a092260c12be482254c825c650462214fc4eccd50b0519
144,release/remote/extraRes/native/ee/ee44f597-11e1-47a6-886e-0d4c872fa81c.b69a6.astc,ee44f597-11e1-47a6-886e-0d4c872fa81c,release/remote/extraRes/import/ee/ee44f597-11e1-47a6-886e-0d4c872fa81c.19fac.json,,0144_asset__ee44f597-11e1-47a6-886e-0d4c872fa81c.png,312,75,6x6x1,RGBA,straight,decoder_BGRA_to_PNG_RGBA,,,,6bfcb9fc94a4ed7b851597acaefd6742e465934d68b52ea2f2867761e1ce695d
145,release/remote/extraRes/native/ed/ed9d0b65-318c-48a0-9464-d49123e70612.d086d.astc,ed9d0b65-318c-48a0-9464-d49123e70612,release/remote/extraRes/import/ed/ed9d0b65-318c-48a0-9464-d49123e70612.19fac.json,,0145_asset__ed9d0b65-318c-48a0-9464-d49123e70612.png,56,16,6x6x1,RGBA,straight,decoder_BGRA_to_PNG_RGBA,,,,869403407e526f3ccd4c37279bac8e49506eb502eddbf4d1c810804aee214bb0
146,release/remote/extraRes/native/ec/ec8e4ace-eade-4d8e-b40c-a9ffa9820a2f.05288.astc,ec8e4ace-eade-4d8e-b40c-a9ffa9820a2f,release/remote/extraRes/import/ec/ec8e4ace-eade-4d8e-b40c-a9ffa9820a2f%40f9941.e257e.json,dogFood1,0146_dogFood1__ec8e4ace-eade-4d8e-b40c-a9ffa9820a2f.png,100,100,6x6x1,RGBA,straight,decoder_BGRA_to_PNG_RGBA,False,"{'x': 9, 'y': 12, 'width': 75, 'height': 79}","{'width': 100, 'height': 100}",fea6ef590d96116f4363c14b578ab24ea8edbb64f25766232f14f5c8a85c49b3
147,release/remote/extraRes/native/e8/e891869a-cc8c-4f80-baae-bb813d483967.cb59f.astc,e891869a-cc8c-4f80-baae-bb813d483967,release/remote/extraRes/import/e8/e891869a-cc8c-4f80-baae-bb813d483967%40f9941.2e9a5.json,fx_shine_02,0147_fx_shine_02__e891869a-cc8c-4f80-baae-bb813d483967.png,256,256,6x6x1,RGBA,straight,decoder_BGRA_to_PNG_RGBA,False,"{'x': 22, 'y': 23, 'width': 204, 'height': 215}","{'width': 256, 'height': 256}",a7bf35a582abc5c3b3a065260c6e1054dac9726016d0389a2169c8b3b1ae75cf
148,release/remote/extraRes/native/e8/e86b2ca9-1b3f-4aa1-a9fb-b0647323b2da.8ff16.astc,e86b2ca9-1b3f-4aa1-a9fb-b0647323b2da,release/remote/extraRes/import/e8/e86b2ca9-1b3f-4aa1-a9fb-b0647323b2da.19fac.json,,0148_asset__e86b2ca9-1b3f-4aa1-a9fb-b0647323b2da.png,29,33,6x6x1,RGBA,straight,decoder_BGRA_to_PNG_RGBA,,,,1c288fc590e8da25c118f87230096f55103b84ddbfa8321ad288f3d969bf5c84
149,release/remote/extraRes/native/e8/e86552c0-c0af-4a4a-ae54-0c61ebb869c4.43d92.astc,e86552c0-c0af-4a4a-ae54-0c61ebb869c4,release/remote/extraRes/import/e8/e86552c0-c0af-4a4a-ae54-0c61ebb869c4.19fac.json,,0149_asset__e86552c0-c0af-4a4a-ae54-0c61ebb869c4.png,136,138,6x6x1,RGBA,straight,decoder_BGRA_to_PNG_RGBA,,,,e63607ee6598609dc9a7cf61adf9b2a1153cc977d2e64ab3d716bd1f1a3e20b7
150,release/remote/extraRes/native/e6/e681d068-1c66-489f-83e1-61e8f9f1cdab.62404.astc,e681d068-1c66-489f-83e1-61e8f9f1cdab,release/remote/extraRes/import/e6/e681d068-1c66-489f-83e1-61e8f9f1cdab.19fac.json,,0150_asset__e681d068-1c66-489f-83e1-61e8f9f1cdab.png,128,128,6x6x1,RGBA,straight,decoder_BGRA_to_PNG_RGBA,,,,f15b722330518b960cd23932aacf884069f162dcc13d2e2787b3ce9fa8c84703
151,release/remote/extraRes/native/e6/e650306b-db52-4f18-97e2-878efee480a5.a4507.astc,e650306b-db52-4f18-97e2-878efee480a5,release/remote/extraRes/import/e6/e650306b-db52-4f18-97e2-878efee480a5%40f9941.92e66.json,icon_skin_road,0151_icon_skin_road__e650306b-db52-4f18-97e2-878efee480a5.png,100,100,6x6x1,RGBA,straight,decoder_BGRA_to_PNG_RGBA,False,"{'x': 0, 'y': 19, 'width': 99, 'height': 63}","{'width': 100, 'height': 100}",e39e5db2849afd06daa516192a18496f0c84cdbe32c9b8716cfa2b28f6b06d6b
152,release/remote/extraRes/native/e5/e585ff75-4a65-4cd6-87f1-5f7ea6831362.a55c4.astc,e585ff75-4a65-4cd6-87f1-5f7ea6831362,release/remote/extraRes/import/e5/e585ff75-4a65-4cd6-87f1-5f7ea6831362.19fac.json,,0152_asset__e585ff75-4a65-4cd6-87f1-5f7ea6831362.png,11,6,6x6x1,RGBA,straight,decoder_BGRA_to_PNG_RGBA,,,,c2c4bd8eb9ba01808fe482a42e32f137be4f5b49e87b4366fbc437d6b968f3a8
153,release/remote/extraRes/native/e3/e3fc792d-1688-4359-a5bf-8b7f49ca0d5d.857f5.astc,e3fc792d-1688-4359-a5bf-8b7f49ca0d5d,release/remote/extraRes/import/e3/e3fc792d-1688-4359-a5bf-8b7f49ca0d5d.19fac.json,,0153_asset__e3fc792d-1688-4359-a5bf-8b7f49ca0d5d.png,20,19,6x6x1,RGBA,straight,decoder_BGRA_to_PNG_RGBA,,,,d55e6d5b923d0fc195b3424d4d7b1aac66f0ec2490dcb10721e2b8cee41ab08b
154,release/remote/extraRes/native/e3/e3c7cb30-5d00-4201-baf9-4ad5f40ee9e5.69d36.astc,e3c7cb30-5d00-4201-baf9-4ad5f40ee9e5,release/remote/extraRes/import/e3/e3c7cb30-5d00-4201-baf9-4ad5f40ee9e5.19fac.json,,0154_asset__e3c7cb30-5d00-4201-baf9-4ad5f40ee9e5.png,540,273,6x6x1,RGBA,straight,decoder_BGRA_to_PNG_RGBA,,,,3415fbb468cc8c1eef6f6676aed3a4456ed188b54a79862ae0c70e5ae60c436f
155,release/remote/extraRes/native/e3/e39311f2-16aa-4bc8-a789-1c7c9887f148.29444.astc,e39311f2-16aa-4bc8-a789-1c7c9887f148,release/remote/extraRes/import/e3/e39311f2-16aa-4bc8-a789-1c7c9887f148.19fac.json,,0155_asset__e39311f2-16aa-4bc8-a789-1c7c9887f148.png,350,70,6x6x1,RGBA,straight,decoder_BGRA_to_PNG_RGBA,,,,51912b5b0b99bc8d4144587b0947f1186bad4f7beb945514cc8a80d1e35d29c4
156,release/remote/extraRes/native/e3/e35dcce9-a9c8-41e9-b1f1-74553c1d7fbc.5b780.astc,e35dcce9-a9c8-41e9-b1f1-74553c1d7fbc,release/remote/extraRes/import/e3/e35dcce9-a9c8-41e9-b1f1-74553c1d7fbc%40f9941.f9ae0.json,icon_skin_fence_4,0156_icon_skin_fence_4__e35dcce9-a9c8-41e9-b1f1-74553c1d7fbc.png,100,100,6x6x1,RGBA,straight,decoder_BGRA_to_PNG_RGBA,False,"{'x': 9, 'y': 11, 'width': 83, 'height': 78}","{'width': 100, 'height': 100}",24452762a7e2207b5897b2756187c1e665e269bb3db098601046a1f4aa8d6f5d
157,release/remote/extraRes/native/e1/e1aac138-8977-4181-ad75-fdd82f7a15cb.41643.astc,e1aac138-8977-4181-ad75-fdd82f7a15cb,release/remote/extraRes/import/e1/e1aac138-8977-4181-ad75-fdd82f7a15cb.19fac.json,,0157_asset__e1aac138-8977-4181-ad75-fdd82f7a15cb.png,140,146,6x6x1,RGBA,straight,decoder_BGRA_to_PNG_RGBA,,,,903bbe817c38f5d5048c95cea5572ac1ebcf901ecb0e34139d1b99272884dbb1
158,release/remote/extraRes/native/e1/e1a62f5d-70ae-4683-abac-2f1c14c66f5a.59216.astc,e1a62f5d-70ae-4683-abac-2f1c14c66f5a,release/remote/extraRes/import/e1/e1a62f5d-70ae-4683-abac-2f1c14c66f5a.19fac.json,,0158_asset__e1a62f5d-70ae-4683-abac-2f1c14c66f5a.png,28,28,6x6x1,RGBA,straight,decoder_BGRA_to_PNG_RGBA,,,,42706a88d6ead4e5c392b18799395923999322d5f69b6c1077a9c1583ce156c8
159,release/remote/extraRes/native/e0/e012ac4f-7d11-49f8-a353-f67c4cccfba7.ee8a6.astc,e012ac4f-7d11-49f8-a353-f67c4cccfba7,release/remote/extraRes/import/e0/e012ac4f-7d11-49f8-a353-f67c4cccfba7.19fac.json,,0159_asset__e012ac4f-7d11-49f8-a353-f67c4cccfba7.png,520,400,6x6x1,RGBA,straight,decoder_BGRA_to_PNG_RGBA,,,,647943eeaae7bb6d051815c515a231d9f60f575216e994ed132124d6afcebec2
160,release/remote/extraRes/native/dd/dda7fb99-e808-445a-acfa-bd54155829d1.ef52f.astc,dda7fb99-e808-445a-acfa-bd54155829d1,release/remote/extraRes/import/dd/dda7fb99-e808-445a-acfa-bd54155829d1%40f9941.1bfe4.json,icon_skin_warehouse,0160_icon_skin_warehouse__dda7fb99-e808-445a-acfa-bd54155829d1.png,100,100,6x6x1,RGBA,straight,decoder_BGRA_to_PNG_RGBA,False,"{'x': 5, 'y': 11, 'width': 88, 'height': 80}","{'width': 100, 'height': 100}",fa16bd6599e16cdf769825e3f76c0caed50cf2d55d732a468b5b11d31f5fa9eb
161,release/remote/extraRes/native/dc/dcc762e9-2b2a-4a3e-a153-9214bccfc997.a317a.astc,dcc762e9-2b2a-4a3e-a153-9214bccfc997,release/remote/extraRes/import/dc/dcc762e9-2b2a-4a3e-a153-9214bccfc997%40f9941.3ed84.json,fx_star_02,0161_fx_star_02__dcc762e9-2b2a-4a3e-a153-9214bccfc997.png,64,64,6x6x1,RGBA,straight,decoder_BGRA_to_PNG_RGBA,False,"{'x': 0, 'y': 0, 'width': 64, 'height': 64}","{'width': 64, 'height': 64}",a1cb299ecd05be733bc8a1c311824cf375c6d86089d7e9e89ce3e51606b4f8a2
162,release/remote/extraRes/native/db/dbe047f4-d92a-4abe-b7dd-c9fb7b784577.80ca5.astc,dbe047f4-d92a-4abe-b7dd-c9fb7b784577,,,0162_asset__dbe047f4-d92a-4abe-b7dd-c9fb7b784577.png,1,315,6x6x1,RGBA,straight,decoder_BGRA_to_PNG_RGBA,,,,d820a6466341863ac1260b2766b929ecc4c2f654c3cd6f6fddbc2f4802a624a2
163,release/remote/extraRes/native/db/db8c1182-29dc-466a-a00f-76f92245566f.0b0d8.astc,db8c1182-29dc-466a-a00f-76f92245566f,release/remote/extraRes/import/db/db8c1182-29dc-466a-a00f-76f92245566f.19fac.json,,0163_asset__db8c1182-29dc-466a-a00f-76f92245566f.png,2048,1024,6x6x1,RGBA,straight,decoder_BGRA_to_PNG_RGBA,,,,416694b037847d3e1918109665ec6c4d211de3bd5d2fdc93d484df95c7b4c79a
164,release/remote/extraRes/native/db/db7e4d42-0d93-4043-890b-e062928b5e9f.87495.astc,db7e4d42-0d93-4043-890b-e062928b5e9f,release/remote/extraRes/import/db/db7e4d42-0d93-4043-890b-e062928b5e9f.19fac.json,,0164_asset__db7e4d42-0d93-4043-890b-e062928b5e9f.png,612,189,6x6x1,RGBA,straight,decoder_BGRA_to_PNG_RGBA,,,,78eb462835810f75d2ad8a673bf735e611df9cf115069fe31a35cb3845a05a70
165,release/remote/extraRes/native/d8/d8186bb6-e461-42c5-8ce0-fb0067899ec4.2d7b1.astc,d8186bb6-e461-42c5-8ce0-fb0067899ec4,release/remote/extraRes/import/d8/d8186bb6-e461-42c5-8ce0-fb0067899ec4.19fac.json,,0165_asset__d8186bb6-e461-42c5-8ce0-fb0067899ec4.png,25,22,6x6x1,RGBA,straight,decoder_BGRA_to_PNG_RGBA,,,,6d693191063de8cdba38d2c1f5e3a6807188cafc1ff8f46bc821eb96a14f5140
166,release/remote/extraRes/native/d8/d817ae9c-a4ee-452f-92ba-a7c1a0d8a371.b5141.astc,d817ae9c-a4ee-452f-92ba-a7c1a0d8a371,release/remote/extraRes/import/d8/d817ae9c-a4ee-452f-92ba-a7c1a0d8a371%40f9941.ba6d0.json,icon_saijiHelu,0166_icon_saijiHelu__d817ae9c-a4ee-452f-92ba-a7c1a0d8a371.png,100,100,6x6x1,RGBA,straight,decoder_BGRA_to_PNG_RGBA,False,"{'x': 18, 'y': 18, 'width': 65, 'height': 65}","{'width': 100, 'height': 100}",965655eb686bba0c7229a35dd260513e3ad965246b2a13901207f51531afbc1a
167,release/remote/extraRes/native/d6/d6e6f76f-48f2-49a4-b259-8b6b6e046c9f.b1b22.astc,d6e6f76f-48f2-49a4-b259-8b6b6e046c9f,release/remote/extraRes/import/d6/d6e6f76f-48f2-49a4-b259-8b6b6e046c9f.19fac.json,,0167_asset__d6e6f76f-48f2-49a4-b259-8b6b6e046c9f.png,54,39,6x6x1,RGBA,straight,decoder_BGRA_to_PNG_RGBA,,,,64c65bcd790c816fe69a02d63b1b1206c34ecd334efef37b95f287f76a0ef952
168,release/remote/extraRes/native/d6/d655de38-fb1d-4997-a383-989e4993bf02.6de7c.astc,d655de38-fb1d-4997-a383-989e4993bf02,release/remote/extraRes/import/d6/d655de38-fb1d-4997-a383-989e4993bf02%40f9941.03a45.json,icon_skin_fence_8,0168_icon_skin_fence_8__d655de38-fb1d-4997-a383-989e4993bf02.png,100,100,6x6x1,RGBA,straight,decoder_BGRA_to_PNG_RGBA,False,"{'x': 14, 'y': 9, 'width': 81, 'height': 80}","{'width': 100, 'height': 100}",2b01743c9b03959bed2f84303c6c6496aa0c93b8ff5345fd69e66f0d242e2410
169,release/remote/extraRes/native/d4/d4d11806-b8ba-4bd5-9740-e6c08e693a71.e59a5.astc,d4d11806-b8ba-4bd5-9740-e6c08e693a71,release/remote/extraRes/import/d4/d4d11806-b8ba-4bd5-9740-e6c08e693a71.19fac.json,,0169_asset__d4d11806-b8ba-4bd5-9740-e6c08e693a71.png,335,94,6x6x1,RGBA,straight,decoder_BGRA_to_PNG_RGBA,,,,53e3045afaef3c403ff215fdb56a4d9331278c94dba6cde87f291e77f97ec7f9
170,release/remote/extraRes/native/d2/d2eefa04-06da-4c6a-8739-dbeb2c882366.860b4.astc,d2eefa04-06da-4c6a-8739-dbeb2c882366,release/remote/extraRes/import/d2/d2eefa04-06da-4c6a-8739-dbeb2c882366%40f9941.21c4a.json,item_dog_icon_21,0170_item_dog_icon_21__d2eefa04-06da-4c6a-8739-dbeb2c882366.png,140,140,6x6x1,RGBA,straight,decoder_BGRA_to_PNG_RGBA,False,"{'x': 16, 'y': 6, 'width': 108, 'height': 119}","{'width': 140, 'height': 140}",fd12cbdc77746fc59836c48da1e168f7b00b9c411bab67343953f58155ed2c3c
171,release/remote/extraRes/native/d2/d2ea39d6-411f-4088-8418-be9fff705399.29e11.astc,d2ea39d6-411f-4088-8418-be9fff705399,release/remote/extraRes/import/d2/d2ea39d6-411f-4088-8418-be9fff705399.19fac.json,,0171_asset__d2ea39d6-411f-4088-8418-be9fff705399.png,84,34,6x6x1,RGBA,straight,decoder_BGRA_to_PNG_RGBA,,,,c939a6b492ba3416c45dfe6a0a5453e6106fc955788db118b9c8c0a9fdb5ebc9
172,release/remote/extraRes/native/d2/d2c3243a-179e-430f-8843-0f90371737ef.b7f55.astc,d2c3243a-179e-430f-8843-0f90371737ef,release/remote/extraRes/import/d2/d2c3243a-179e-430f-8843-0f90371737ef.19fac.json,,0172_asset__d2c3243a-179e-430f-8843-0f90371737ef.png,619,568,6x6x1,RGBA,straight,decoder_BGRA_to_PNG_RGBA,,,,ac90ee8c32f82bc4793548ee369bcc508e3631ae3334a5b40ef62807746a38ea
173,release/remote/extraRes/native/d2/d2148f23-dbd6-4fb8-9159-4f7376299f5a.3342a.astc,d2148f23-dbd6-4fb8-9159-4f7376299f5a,release/remote/extraRes/import/d2/d2148f23-dbd6-4fb8-9159-4f7376299f5a.19fac.json,,0173_asset__d2148f23-dbd6-4fb8-9159-4f7376299f5a.png,46,38,6x6x1,RGBA,straight,decoder_BGRA_to_PNG_RGBA,,,,ff94fe4eeba9b96ec7fd5013910c9efb4c39059462ab9d9c0ccd7018e2f37059
174,release/remote/extraRes/native/d1/d13af7af-7155-4a4e-9056-f81f183059d7.ecb15.astc,d13af7af-7155-4a4e-9056-f81f183059d7,release/remote/extraRes/import/d1/d13af7af-7155-4a4e-9056-f81f183059d7%40f9941.320fb.json,pack_03,0174_pack_03__d13af7af-7155-4a4e-9056-f81f183059d7.png,100,100,6x6x1,RGBA,straight,decoder_BGRA_to_PNG_RGBA,False,"{'x': 7, 'y': 8, 'width': 83, 'height': 87}","{'width': 100, 'height': 100}",0146adf27a6507ea4732791b81ed20029971a16b9b076387b9d7b3b24553485a
175,release/remote/extraRes/native/d0/d0079b3f-c6c9-4062-9616-67ee2d51bdaa.0d8de.astc,d0079b3f-c6c9-4062-9616-67ee2d51bdaa,release/remote/extraRes/import/d0/d0079b3f-c6c9-4062-9616-67ee2d51bdaa.19fac.json,,0175_asset__d0079b3f-c6c9-4062-9616-67ee2d51bdaa.png,113,110,6x6x1,RGBA,straight,decoder_BGRA_to_PNG_RGBA,,,,7c2453ca38beeb3ed03eccdb15350c60f96e4da1b7b89830e86fc01f1d7505b2
176,release/remote/extraRes/native/cf/cfe94fd8-1e7c-4e5f-b026-b2e420aafcad.cdb9e.astc,cfe94fd8-1e7c-4e5f-b026-b2e420aafcad,release/remote/extraRes/import/cf/cfe94fd8-1e7c-4e5f-b026-b2e420aafcad.19fac.json,,0176_asset__cfe94fd8-1e7c-4e5f-b026-b2e420aafcad.png,166,86,6x6x1,RGBA,straight,decoder_BGRA_to_PNG_RGBA,,,,b6814f3ebe1f328184f909cff1ddba73da54f931e550ec4928375076dfc9ddc8
177,release/remote/extraRes/native/cf/cf461b56-c689-4924-95b3-c5066e8c74d6.c9041.astc,cf461b56-c689-4924-95b3-c5066e8c74d6,release/remote/extraRes/import/cf/cf461b56-c689-4924-95b3-c5066e8c74d6.19fac.json,,0177_asset__cf461b56-c689-4924-95b3-c5066e8c74d6.png,180,172,6x6x1,RGBA,straight,decoder_BGRA_to_PNG_RGBA,,,,8b0cc203513b7bf6fa0c854bb91b2d2524a58e9774d78aa15f3373acea74189f
178,release/remote/extraRes/native/ce/ce3f76d8-40e9-47df-9155-036bf7a4dfff.3de42.astc,ce3f76d8-40e9-47df-9155-036bf7a4dfff,release/remote/extraRes/import/ce/ce3f76d8-40e9-47df-9155-036bf7a4dfff%40f9941.65efc.json,img_skin_item_bg_rarity4,0178_img_skin_item_bg_rarity4__ce3f76d8-40e9-47df-9155-036bf7a4dfff.png,186,291,6x6x1,RGBA,straight,decoder_BGRA_to_PNG_RGBA,False,"{'x': 0, 'y': 0, 'width': 186, 'height': 291}","{'width': 186, 'height': 291}",79820bef2c5010a803289753d760ccbe928afc71c5a906a6313c69e7ffe12ed3
179,release/remote/extraRes/native/cd/cd4e97c0-bd12-4174-bdad-24ca9e54eb47.59df5.astc,cd4e97c0-bd12-4174-bdad-24ca9e54eb47,,,0179_asset__cd4e97c0-bd12-4174-bdad-24ca9e54eb47.png,84,89,6x6x1,RGBA,straight,decoder_BGRA_to_PNG_RGBA,,,,2976fd680ce5225f00744d6fbac11ed43d88bb09b70a7715a9ffa0c6c295d8a3
180,release/remote/extraRes/native/cb/cbdc4d55-0bc5-47b8-a899-2223687b6039.d1f9a.astc,cbdc4d55-0bc5-47b8-a899-2223687b6039,release/remote/extraRes/import/cb/cbdc4d55-0bc5-47b8-a899-2223687b6039%40f9941.737fb.json,icon_skin_road_1,0180_icon_skin_road_1__cbdc4d55-0bc5-47b8-a899-2223687b6039.png,100,100,6x6x1,RGBA,straight,decoder_BGRA_to_PNG_RGBA,False,"{'x': 4, 'y': 4, 'width': 93, 'height': 93}","{'width': 100, 'height': 100}",105b6c3e84ea950030f03aead3561f338948eef3070a35532e8b9e3c06e95643
181,release/remote/extraRes/native/cb/cb6d1bc4-b462-44a7-a794-ffce48005a59.3209a.astc,cb6d1bc4-b462-44a7-a794-ffce48005a59,release/remote/extraRes/import/cb/cb6d1bc4-b462-44a7-a794-ffce48005a59.19fac.json,,0181_asset__cb6d1bc4-b462-44a7-a794-ffce48005a59.png,684,1028,6x6x1,RGBA,straight,decoder_BGRA_to_PNG_RGBA,,,,22e220f349ebf9c42670b27ce97b2c5c29b38a79d28f0503a1d7ac069b551aac
182,release/remote/extraRes/native/ca/ca3ae05b-4f8b-471f-88c0-ce2cffe4792a.3f03d.astc,ca3ae05b-4f8b-471f-88c0-ce2cffe4792a,release/remote/extraRes/import/ca/ca3ae05b-4f8b-471f-88c0-ce2cffe4792a.19fac.json,,0182_asset__ca3ae05b-4f8b-471f-88c0-ce2cffe4792a.png,31,35,6x6x1,RGBA,straight,decoder_BGRA_to_PNG_RGBA,,,,c7b22e2be74d795d7852139e0cb8edb7a291d9bf574b6c90f2804c672784d340
183,release/remote/extraRes/native/c9/c97549c5-1cc5-4ca0-891e-0e7c3fd8df47.75cf5.astc,c97549c5-1cc5-4ca0-891e-0e7c3fd8df47,release/remote/extraRes/import/c9/c97549c5-1cc5-4ca0-891e-0e7c3fd8df47%40f9941.99b12.json,icon_skin_doghouse_7,0183_icon_skin_doghouse_7__c97549c5-1cc5-4ca0-891e-0e7c3fd8df47.png,100,100,6x6x1,RGBA,straight,decoder_BGRA_to_PNG_RGBA,False,"{'x': 0, 'y': 16, 'width': 100, 'height': 71}","{'width': 100, 'height': 100}",dcfd007dc284236b505f960b81c03b0e6e0e9db8890da92807faa3612aa79e11
184,release/remote/extraRes/native/c9/c93de328-cca4-48ff-8c3f-eb3163349f0e.996a6.astc,c93de328-cca4-48ff-8c3f-eb3163349f0e,release/remote/extraRes/import/c9/c93de328-cca4-48ff-8c3f-eb3163349f0e.19fac.json,,0184_asset__c93de328-cca4-48ff-8c3f-eb3163349f0e.png,50,22,6x6x1,RGBA,straight,decoder_BGRA_to_PNG_RGBA,,,,c0cb0db6652f7515e623168dcace346ff197c025a303792964ba143ca07b96b6
185,release/remote/extraRes/native/c8/c82ae6b0-de05-42e9-8c19-4a05c134b4ff.16151.astc,c82ae6b0-de05-42e9-8c19-4a05c134b4ff,release/remote/extraRes/import/c8/c82ae6b0-de05-42e9-8c19-4a05c134b4ff%40f9941.edc11.json,icon_skin_doghouse_3,0185_icon_skin_doghouse_3__c82ae6b0-de05-42e9-8c19-4a05c134b4ff.png,100,100,6x6x1,RGBA,straight,decoder_BGRA_to_PNG_RGBA,False,"{'x': 3, 'y': 11, 'width': 94, 'height': 82}","{'width': 100, 'height': 100}",94e70dd0df6a08755114420df8795697d32a9a27f00330657762451c544f6ae3
186,release/remote/extraRes/native/c6/c6f84635-2175-46b3-a956-38b4ee6e36d1.2a0ce.astc,c6f84635-2175-46b3-a956-38b4ee6e36d1,release/remote/extraRes/import/c6/c6f84635-2175-46b3-a956-38b4ee6e36d1.19fac.json,,0186_asset__c6f84635-2175-46b3-a956-38b4ee6e36d1.png,324,79,6x6x1,RGBA,straight,decoder_BGRA_to_PNG_RGBA,,,,3c7fbb2163c24f7153639adb9cb43cb03c0be097bc04f893db2de91b07bc0997
187,release/remote/extraRes/native/c4/c48738ce-559e-4a54-a599-5f363b822b6c.384f0.astc,c48738ce-559e-4a54-a599-5f363b822b6c,release/remote/extraRes/import/c4/c48738ce-559e-4a54-a599-5f363b822b6c%40f9941.97c9a.json,icon_nameplate_saiji_1,0187_icon_nameplate_saiji_1__c48738ce-559e-4a54-a599-5f363b822b6c.png,100,100,6x6x1,RGBA,straight,decoder_BGRA_to_PNG_RGBA,False,"{'x': 0, 'y': 17, 'width': 100, 'height': 61}","{'width': 100, 'height': 100}",fc2cfd904540e7c8651460d3c8e8dbb5f3fcf5cea99d6c7668f82c7f33885674
188,release/remote/extraRes/native/c3/c3d9b7d6-4eac-40b4-bd6e-fbf042b0930f.ae06d.astc,c3d9b7d6-4eac-40b4-bd6e-fbf042b0930f,release/remote/extraRes/import/c3/c3d9b7d6-4eac-40b4-bd6e-fbf042b0930f%40f9941.24f14.json,fx_rainbow_04,0188_fx_rainbow_04__c3d9b7d6-4eac-40b4-bd6e-fbf042b0930f.png,256,256,6x6x1,RGBA,straight,decoder_BGRA_to_PNG_RGBA,False,"{'x': 27, 'y': 60, 'width': 202, 'height': 136}","{'width': 256, 'height': 256}",dd2fde224064cf27e0575248189f39003d78363cec36ee036eff78f1a1dcf206
189,release/remote/extraRes/native/c3/c3619502-0618-46a6-9033-bc08a4cc96d6.cae0a.astc,c3619502-0618-46a6-9033-bc08a4cc96d6,release/remote/extraRes/import/c3/c3619502-0618-46a6-9033-bc08a4cc96d6.19fac.json,,0189_asset__c3619502-0618-46a6-9033-bc08a4cc96d6.png,46,47,6x6x1,RGBA,straight,decoder_BGRA_to_PNG_RGBA,,,,671668be07f6ee459113df51824680651d53d55031eb4fe174e086255b3a121c
190,release/remote/extraRes/native/c2/c2e0aebc-6bcf-4cb9-b10e-031012fea5c3.92bca.astc,c2e0aebc-6bcf-4cb9-b10e-031012fea5c3,release/remote/extraRes/import/c2/c2e0aebc-6bcf-4cb9-b10e-031012fea5c3.19fac.json,,0190_asset__c2e0aebc-6bcf-4cb9-b10e-031012fea5c3.png,703,61,6x6x1,RGBA,straight,decoder_BGRA_to_PNG_RGBA,,,,b63705c52c046c3382c9d459dd8438a89b0060bd801ee398c357a42a09856871
191,release/remote/extraRes/native/c2/c2d34eff-eafa-405c-8949-865926492865.bb175.astc,c2d34eff-eafa-405c-8949-865926492865,release/remote/extraRes/import/c2/c2d34eff-eafa-405c-8949-865926492865.19fac.json,,0191_asset__c2d34eff-eafa-405c-8949-865926492865.png,31,35,6x6x1,RGBA,straight,decoder_BGRA_to_PNG_RGBA,,,,d2affaac29666ee93a8317790e782cdf2127022012a978c3674234769e768c19
192,release/remote/extraRes/native/bf/bf170e2e-166b-4049-ab85-bea3f4ffc134.22847.astc,bf170e2e-166b-4049-ab85-bea3f4ffc134,release/remote/extraRes/import/bf/bf170e2e-166b-4049-ab85-bea3f4ffc134%40f9941.2c1b3.json,img_avatar_S2_1,0192_img_avatar_S2_1__bf170e2e-166b-4049-ab85-bea3f4ffc134.png,128,128,6x6x1,RGBA,straight,decoder_BGRA_to_PNG_RGBA,False,"{'x': 5, 'y': 10, 'width': 110, 'height': 108}","{'width': 128, 'height': 128}",fe669dd35f9cd6a4aaa75d891c86bbb48310c5d2743a38b51a106a51a9e51cf9
193,release/remote/extraRes/native/be/bee01c6e-011e-4fa4-bd7c-c4d423778c16.7febd.astc,bee01c6e-011e-4fa4-bd7c-c4d423778c16,release/remote/extraRes/import/be/bee01c6e-011e-4fa4-bd7c-c4d423778c16%40f9941.589a0.json,Item_4_1,0193_Item_4_1__bee01c6e-011e-4fa4-bd7c-c4d423778c16.png,100,100,6x6x1,RGBA,straight,decoder_BGRA_to_PNG_RGBA,False,"{'x': 5, 'y': 15, 'width': 90, 'height': 71}","{'width': 100, 'height': 100}",2a18542068c01b67a4ebca37c94b339fe4bb1ccf06cec0e92c9e896567a4af05
194,release/remote/extraRes/native/be/be3d0025-2c17-4056-9e3b-df50800805ba.5832b.astc,be3d0025-2c17-4056-9e3b-df50800805ba,release/remote/extraRes/import/be/be3d0025-2c17-4056-9e3b-df50800805ba.19fac.json,,0194_asset__be3d0025-2c17-4056-9e3b-df50800805ba.png,144,18,6x6x1,RGBA,straight,decoder_BGRA_to_PNG_RGBA,,,,6a12119a4497616f67f2515bf912f748d1c4561facf5fbd6fdad7b47c076ab90
195,release/remote/extraRes/native/bd/bd4c3b98-78c8-4267-bcd4-28de887f6fa7.856cd.astc,bd4c3b98-78c8-4267-bcd4-28de887f6fa7,release/remote/extraRes/import/bd/bd4c3b98-78c8-4267-bcd4-28de887f6fa7.19fac.json,,0195_asset__bd4c3b98-78c8-4267-bcd4-28de887f6fa7.png,180,172,6x6x1,RGBA,straight,decoder_BGRA_to_PNG_RGBA,,,,4f7302f8e93a72251e503ed21ead6b9ed63de3c56037b7de3c5f6955070390d0
196,release/remote/extraRes/native/bc/bc55a69e-7a96-4921-b808-2b3da4c1bfd8.0c5df.astc,bc55a69e-7a96-4921-b808-2b3da4c1bfd8,release/remote/extraRes/import/bc/bc55a69e-7a96-4921-b808-2b3da4c1bfd8.19fac.json,,0196_asset__bc55a69e-7a96-4921-b808-2b3da4c1bfd8.png,643,473,6x6x1,RGBA,straight,decoder_BGRA_to_PNG_RGBA,,,,26da34afdfd82e810ea40eea19a093cfe2555ac2c5c74138718748632963e041
197,release/remote/extraRes/native/bc/bc35e794-608a-406a-80a9-5f015477ba37.366ab.astc,bc35e794-608a-406a-80a9-5f015477ba37,release/remote/extraRes/import/bc/bc35e794-608a-406a-80a9-5f015477ba37.19fac.json,,0197_asset__bc35e794-608a-406a-80a9-5f015477ba37.png,320,228,6x6x1,RGBA,straight,decoder_BGRA_to_PNG_RGBA,,,,c30f22d5305c61fcf774c341e2f10ac5e1aeff845d9b8f9e53c05bfa3b5f66b4
198,release/remote/extraRes/native/bc/bc246eb7-22b1-4dfc-9a94-0c95a461daf4.b4210.astc,bc246eb7-22b1-4dfc-9a94-0c95a461daf4,release/remote/extraRes/import/bc/bc246eb7-22b1-4dfc-9a94-0c95a461daf4.19fac.json,,0198_asset__bc246eb7-22b1-4dfc-9a94-0c95a461daf4.png,512,256,6x6x1,RGBA,straight,decoder_BGRA_to_PNG_RGBA,,,,a2edfb457b3449575042e219de2e3b47699a1da665233d65973fa8751d62526c
199,release/remote/extraRes/native/ba/bafc3fef-9b6d-4a0d-bcb2-05975ce113b7.c13a3.astc,bafc3fef-9b6d-4a0d-bcb2-05975ce113b7,release/remote/extraRes/import/ba/bafc3fef-9b6d-4a0d-bcb2-05975ce113b7.19fac.json,,0199_asset__bafc3fef-9b6d-4a0d-bcb2-05975ce113b7.png,416,129,6x6x1,RGBA,straight,decoder_BGRA_to_PNG_RGBA,,,,3a468bab062ce6f8a09a3a898e157d5a802c3a21fce58e14fb8b828f2af173a4
200,release/remote/extraRes/native/ba/baf351b1-178c-4268-b34d-37c60fd2b71a.0e196.astc,baf351b1-178c-4268-b34d-37c60fd2b71a,release/remote/extraRes/import/ba/baf351b1-178c-4268-b34d-37c60fd2b71a.19fac.json,,0200_asset__baf351b1-178c-4268-b34d-37c60fd2b71a.png,546,136,6x6x1,RGBA,straight,decoder_BGRA_to_PNG_RGBA,,,,372915032d5f40183e726b3ca55f2492b1fb887f2b4fbf1460ce1084b8527713
201,release/remote/extraRes/native/ba/ba398dfc-f7ed-4b4e-ba19-5049a1d88016.b7543.astc,ba398dfc-f7ed-4b4e-ba19-5049a1d88016,release/remote/extraRes/import/ba/ba398dfc-f7ed-4b4e-ba19-5049a1d88016%40f9941.85bde.json,icon_skin_doghouse_1,0201_icon_skin_doghouse_1__ba398dfc-f7ed-4b4e-ba19-5049a1d88016.png,100,100,6x6x1,RGBA,straight,decoder_BGRA_to_PNG_RGBA,False,"{'x': 4, 'y': 4, 'width': 92, 'height': 93}","{'width': 100, 'height': 100}",3242d44395e519a5757c109fa0a35c5f0cfe618aae2a868dd3686699ec573db5
202,release/remote/extraRes/native/b9/b9ca1ebd-adf4-48f8-81c5-0d86c91aceb0.e9a93.astc,b9ca1ebd-adf4-48f8-81c5-0d86c91aceb0,release/remote/extraRes/import/b9/b9ca1ebd-adf4-48f8-81c5-0d86c91aceb0%40f9941.cb5ef.json,icon_skin_road_4,0202_icon_skin_road_4__b9ca1ebd-adf4-48f8-81c5-0d86c91aceb0.png,100,100,6x6x1,RGBA,straight,decoder_BGRA_to_PNG_RGBA,False,"{'x': 1, 'y': 20, 'width': 99, 'height': 62}","{'width': 100, 'height': 100}",612a1675009b786a01743b666a7dfec90f760cd147d882b0b5caf8d90be2c93a
203,release/remote/extraRes/native/b5/b554d863-b315-4414-8913-b7b0404cd52f.cdf4d.astc,b554d863-b315-4414-8913-b7b0404cd52f,release/remote/extraRes/import/b5/b554d863-b315-4414-8913-b7b0404cd52f.19fac.json,,0203_asset__b554d863-b315-4414-8913-b7b0404cd52f.png,167,16,6x6x1,RGBA,straight,decoder_BGRA_to_PNG_RGBA,,,,a714a71bc0476b148330650377a89fed225ff57b7e6d34962bef173371553535
204,release/remote/extraRes/native/b5/b526c1cf-c2f2-40fb-aec2-ba2116d229a9.942a7.astc,b526c1cf-c2f2-40fb-aec2-ba2116d229a9,release/remote/extraRes/import/b5/b526c1cf-c2f2-40fb-aec2-ba2116d229a9%40f9941.4e02c.json,icon_skin_doghouse,0204_icon_skin_doghouse__b526c1cf-c2f2-40fb-aec2-ba2116d229a9.png,100,100,6x6x1,RGBA,straight,decoder_BGRA_to_PNG_RGBA,False,"{'x': 1, 'y': 8, 'width': 99, 'height': 85}","{'width': 100, 'height': 100}",1c32bef066adf86170b9f8bd20069a183147b708aaeb0fbdd7cb59a1fea89e8f
205,release/remote/extraRes/native/b3/b3e05659-c200-4400-ba9c-8fbffe7c2821.b1df5.astc,b3e05659-c200-4400-ba9c-8fbffe7c2821,release/remote/extraRes/import/b3/b3e05659-c200-4400-ba9c-8fbffe7c2821.19fac.json,,0205_asset__b3e05659-c200-4400-ba9c-8fbffe7c2821.png,18,19,6x6x1,RGBA,straight,decoder_BGRA_to_PNG_RGBA,,,,a33cc34d2be309fbf1842bac1f36e35504fed097656d2d8c8b9305cd2ef8c876
206,release/remote/extraRes/native/b3/b3ca9073-e72d-401d-b563-92039075dcc2.c99e8.astc,b3ca9073-e72d-401d-b563-92039075dcc2,release/remote/extraRes/import/b3/b3ca9073-e72d-401d-b563-92039075dcc2.19fac.json,,0206_asset__b3ca9073-e72d-401d-b563-92039075dcc2.png,87,91,6x6x1,RGBA,straight,decoder_BGRA_to_PNG_RGBA,,,,ed77d2f7d5d5970eda163eca3ca8a4b28e8efe665ecbc7c4c7d7dd89d224c3b0
207,release/remote/extraRes/native/b3/b38cc5bf-173d-47e3-89e5-0076bcbc7e54.95bf5.astc,b38cc5bf-173d-47e3-89e5-0076bcbc7e54,release/remote/extraRes/import/b3/b38cc5bf-173d-47e3-89e5-0076bcbc7e54.19fac.json,,0207_asset__b38cc5bf-173d-47e3-89e5-0076bcbc7e54.png,38,26,6x6x1,RGBA,straight,decoder_BGRA_to_PNG_RGBA,,,,a81424f0fc62dec1a9c7e2e945829bf6be140ca5747d40bd73b83027e7288ad2
208,release/remote/extraRes/native/b2/b27f0b3a-a10f-4d48-8765-9e32a61e85e8.6e91d.astc,b27f0b3a-a10f-4d48-8765-9e32a61e85e8,release/remote/extraRes/import/b2/b27f0b3a-a10f-4d48-8765-9e32a61e85e8%40f9941.ef25b.json,icon_skin_board_7,0208_icon_skin_board_7__b27f0b3a-a10f-4d48-8765-9e32a61e85e8.png,100,100,6x6x1,RGBA,straight,decoder_BGRA_to_PNG_RGBA,False,"{'x': 14, 'y': 8, 'width': 74, 'height': 84}","{'width': 100, 'height': 100}",9a84a264c78bf034bf95f1404ded4758800ba4ef9d35a388a188776fddcf3214
209,release/remote/extraRes/native/b1/b18bd5f5-6e8f-4793-95e3-735b71ef43e2.fe646.astc,b18bd5f5-6e8f-4793-95e3-735b71ef43e2,release/remote/extraRes/import/b1/b18bd5f5-6e8f-4793-95e3-735b71ef43e2%40f9941.c47eb.json,img_avatar_saiji_1,0209_img_avatar_saiji_1__b18bd5f5-6e8f-4793-95e3-735b71ef43e2.png,128,128,6x6x1,RGBA,straight,decoder_BGRA_to_PNG_RGBA,False,"{'x': 2, 'y': 16, 'width': 115, 'height': 104}","{'width': 128, 'height': 128}",e215799d704187ab9c9750e8ae47a6d20250b01319bcbb87c997ec81ea14952a
210,release/remote/extraRes/native/b1/b16768fe-394f-475e-bc4c-a16a06187ccd.e265d.astc,b16768fe-394f-475e-bc4c-a16a06187ccd,release/remote/extraRes/import/b1/b16768fe-394f-475e-bc4c-a16a06187ccd%40f9941.e5f16.json,img_nameplate_decoration_S2_1,0210_img_nameplate_decoration_S2_1__b16768fe-394f-475e-bc4c-a16a06187ccd.png,600,300,6x6x1,RGBA,straight,decoder_BGRA_to_PNG_RGBA,False,"{'x': 182, 'y': 67, 'width': 206, 'height': 165}","{'width': 600, 'height': 300}",b86811d63b40f280b67ec95d8faadb559a049763cca8ca31471f03b14b0f6a27
211,release/remote/extraRes/native/b0/b07a5a31-a0ea-4326-a4d8-e57e12d287c2.1d459.astc,b07a5a31-a0ea-4326-a4d8-e57e12d287c2,release/remote/extraRes/import/b0/b07a5a31-a0ea-4326-a4d8-e57e12d287c2.19fac.json,,0211_asset__b07a5a31-a0ea-4326-a4d8-e57e12d287c2.png,292,172,6x6x1,RGBA,straight,decoder_BGRA_to_PNG_RGBA,,,,50e8b8da9d08ce2a9a6671ad70993753400ea77637944222f1bf3a3c0a0707d0
212,release/remote/extraRes/native/b0/b0428a21-b742-455f-b136-8d4cfe124cc2.da996.astc,b0428a21-b742-455f-b136-8d4cfe124cc2,release/remote/extraRes/import/b0/b0428a21-b742-455f-b136-8d4cfe124cc2.19fac.json,,0212_asset__b0428a21-b742-455f-b136-8d4cfe124cc2.png,156,79,6x6x1,RGBA,straight,decoder_BGRA_to_PNG_RGBA,,,,8c855c9ea774375288e6110d13cc52fd400f7e3540e36283e63d91a30775bf93
213,release/remote/extraRes/native/af/af16205d-f264-4112-baf4-cae71af3fb9a.3660d.astc,af16205d-f264-4112-baf4-cae71af3fb9a,release/remote/extraRes/import/af/af16205d-f264-4112-baf4-cae71af3fb9a%40f9941.f9f8b.json,icon_feterlize2,0213_icon_feterlize2__af16205d-f264-4112-baf4-cae71af3fb9a.png,100,100,6x6x1,RGBA,straight,decoder_BGRA_to_PNG_RGBA,False,"{'x': 4, 'y': 6, 'width': 91, 'height': 90}","{'width': 100, 'height': 100}",a84ad2cff43a4b2919efe871040fec49afad31fb1a1212a53b0ee323086759e0
214,release/remote/extraRes/native/ae/aef52239-2248-4a41-ac12-7db628e1ce14.c4d49.astc,aef52239-2248-4a41-ac12-7db628e1ce14,release/remote/extraRes/import/ae/aef52239-2248-4a41-ac12-7db628e1ce14.19fac.json,,0214_asset__aef52239-2248-4a41-ac12-7db628e1ce14.png,54,26,6x6x1,RGBA,straight,decoder_BGRA_to_PNG_RGBA,,,,67ef114d79f73f873f25097a8d39a100dc4f43c1dfe44ca3cca4ae366c498310
215,release/remote/extraRes/native/ae/ae8bf950-4db3-4cc6-9d84-5b85f5b64bb2.aaad3.astc,ae8bf950-4db3-4cc6-9d84-5b85f5b64bb2,release/remote/extraRes/import/ae/ae8bf950-4db3-4cc6-9d84-5b85f5b64bb2.19fac.json,,0215_asset__ae8bf950-4db3-4cc6-9d84-5b85f5b64bb2.png,14,309,6x6x1,RGBA,straight,decoder_BGRA_to_PNG_RGBA,,,,16c3aca8f7872b6243504c2750fcf2990d73afb374ae868835f9ff43351f8cca
216,release/remote/extraRes/native/ac/ac1bbd23-f150-4e9c-ba33-ac595705369e.72ee7.astc,ac1bbd23-f150-4e9c-ba33-ac595705369e,release/remote/extraRes/import/ac/ac1bbd23-f150-4e9c-ba33-ac595705369e.19fac.json,,0216_asset__ac1bbd23-f150-4e9c-ba33-ac595705369e.png,38,26,6x6x1,RGBA,straight,decoder_BGRA_to_PNG_RGBA,,,,732af50de02c0bb897eba1c8228056f217deadc251122e474cae0c47acc55b41
217,release/remote/extraRes/native/ab/ab5c7145-5ebf-4afa-be2b-eca05d9f6418.ea24f.astc,ab5c7145-5ebf-4afa-be2b-eca05d9f6418,release/remote/extraRes/import/ab/ab5c7145-5ebf-4afa-be2b-eca05d9f6418.19fac.json,,0217_asset__ab5c7145-5ebf-4afa-be2b-eca05d9f6418.png,512,512,6x6x1,RGBA,straight,decoder_BGRA_to_PNG_RGBA,,,,06768ddda98ebd96211b00bb0c95d0d9aa6d344edaf12ba10acf56d74883f4ec
218,release/remote/extraRes/native/ab/ab25272c-c27d-49db-85ff-2958149a7152.6739f.astc,ab25272c-c27d-49db-85ff-2958149a7152,release/remote/extraRes/import/ab/ab25272c-c27d-49db-85ff-2958149a7152.19fac.json,,0218_asset__ab25272c-c27d-49db-85ff-2958149a7152.png,897,244,6x6x1,RGBA,straight,decoder_BGRA_to_PNG_RGBA,,,,bff93406b40a75c84f595ca689681081de2f12f17ecf4f37fdb3115becaee07e
219,release/remote/extraRes/native/a9/a950c748-aafa-4b32-a869-38505306d9c0.6e874.astc,a950c748-aafa-4b32-a869-38505306d9c0,release/remote/extraRes/import/a9/a950c748-aafa-4b32-a869-38505306d9c0.19fac.json,,0219_asset__a950c748-aafa-4b32-a869-38505306d9c0.png,65,48,6x6x1,RGBA,straight,decoder_BGRA_to_PNG_RGBA,,,,5ae03409c2976fde9a35e56cba2e1ca56742d1563a7f2b8e60593d92cd542e79
220,release/remote/extraRes/native/a9/a9157e41-5cf3-4ac8-9bea-efd0fbfee90b.3a49d.astc,a9157e41-5cf3-4ac8-9bea-efd0fbfee90b,release/remote/extraRes/import/a9/a9157e41-5cf3-4ac8-9bea-efd0fbfee90b.19fac.json,,0220_asset__a9157e41-5cf3-4ac8-9bea-efd0fbfee90b.png,47,48,6x6x1,RGBA,straight,decoder_BGRA_to_PNG_RGBA,,,,76a143bfc00268c1b2d57c64628a17064b0a58a40b977a938794f271530371ad
221,release/remote/extraRes/native/a7/a73f0d8f-b35c-483e-a4f4-373520213b96.4ec9e.astc,a73f0d8f-b35c-483e-a4f4-373520213b96,release/remote/extraRes/import/a7/a73f0d8f-b35c-483e-a4f4-373520213b96.19fac.json,,0221_asset__a73f0d8f-b35c-483e-a4f4-373520213b96.png,100,100,6x6x1,RGBA,straight,decoder_BGRA_to_PNG_RGBA,,,,699d74ee7fffa56daff70e3dd2a23279c4639caf7f44f95c59d25fc18e5c4b20
222,release/remote/extraRes/native/a6/a69c85b9-6a9c-42e4-842f-46783b9b96fa.cdbff.astc,a69c85b9-6a9c-42e4-842f-46783b9b96fa,release/remote/extraRes/import/a6/a69c85b9-6a9c-42e4-842f-46783b9b96fa.19fac.json,,0222_asset__a69c85b9-6a9c-42e4-842f-46783b9b96fa.png,180,108,6x6x1,RGBA,straight,decoder_BGRA_to_PNG_RGBA,,,,106475912d9f72a5bb1fb59bc7ecffd74c3f486eb04ac311002416d0941169fe
223,release/remote/extraRes/native/a6/a65fb02b-ff2b-480b-a6d2-33555f39d664.f17fb.astc,a65fb02b-ff2b-480b-a6d2-33555f39d664,release/remote/extraRes/import/a6/a65fb02b-ff2b-480b-a6d2-33555f39d664.19fac.json,,0223_asset__a65fb02b-ff2b-480b-a6d2-33555f39d664.png,180,172,6x6x1,RGBA,straight,decoder_BGRA_to_PNG_RGBA,,,,851eb72f2b307ed432280753518be7c3ef545a504518ee5893b4d5b0d68f2c45
224,release/remote/extraRes/native/a5/a5288774-1cf1-4c0e-b339-ec6e350ea174.1fac5.astc,a5288774-1cf1-4c0e-b339-ec6e350ea174,release/remote/extraRes/import/a5/a5288774-1cf1-4c0e-b339-ec6e350ea174%40f9941.704ac.json,item_dog_icon_2,0224_item_dog_icon_2__a5288774-1cf1-4c0e-b339-ec6e350ea174.png,140,140,6x6x1,RGBA,straight,decoder_BGRA_to_PNG_RGBA,False,"{'x': 12, 'y': 17, 'width': 114, 'height': 101}","{'width': 140, 'height': 140}",48f639be35ac02eb153355721551792dab1d055ce502d02dd8d34fb9bad69fa4
225,release/remote/extraRes/native/a4/a4cf5981-5abb-431e-a888-37f842c33c92.9e367.astc,a4cf5981-5abb-431e-a888-37f842c33c92,release/remote/extraRes/import/a4/a4cf5981-5abb-431e-a888-37f842c33c92.19fac.json,,0225_asset__a4cf5981-5abb-431e-a888-37f842c33c92.png,663,611,6x6x1,RGBA,straight,decoder_BGRA_to_PNG_RGBA,,,,952829209035483829e442a800c7172f3ce438a9845ee7d901e0ab77fb03a15b
226,release/remote/extraRes/native/a4/a48a3812-2d0f-42e1-ba36-a03387c4728b.a3629.astc,a48a3812-2d0f-42e1-ba36-a03387c4728b,release/remote/extraRes/import/a4/a48a3812-2d0f-42e1-ba36-a03387c4728b%40f9941.ab7cb.json,pack_roco,0226_pack_roco__a48a3812-2d0f-42e1-ba36-a03387c4728b.png,100,100,6x6x1,RGBA,straight,decoder_BGRA_to_PNG_RGBA,False,"{'x': 7, 'y': 6, 'width': 91, 'height': 89}","{'width': 100, 'height': 100}",934050d3be7b368f0ee4345732cef10c1bd0b233ef92ba9287f3bb80c0564479
227,release/remote/extraRes/native/a4/a473a06d-4037-4a5a-a443-276ba111413f.d7e10.astc,a473a06d-4037-4a5a-a443-276ba111413f,release/remote/extraRes/import/a4/a473a06d-4037-4a5a-a443-276ba111413f.19fac.json,,0227_asset__a473a06d-4037-4a5a-a443-276ba111413f.png,34,34,6x6x1,RGBA,straight,decoder_BGRA_to_PNG_RGBA,,,,f280be6cd9ac88d334c598d12a929645c22b4a423df3d2726c6115f6ab25a4aa
228,release/remote/extraRes/native/a4/a4078e01-552f-47ff-bd8e-19562728361b.41b40.astc,a4078e01-552f-47ff-bd8e-19562728361b,release/remote/extraRes/import/a4/a4078e01-552f-47ff-bd8e-19562728361b.19fac.json,,0228_asset__a4078e01-552f-47ff-bd8e-19562728361b.png,180,172,6x6x1,RGBA,straight,decoder_BGRA_to_PNG_RGBA,,,,b57601bfd00b8cacd9dfcc2ae3877d5eef9071ce1c501d33a4cd6df792dc9a46
229,release/remote/extraRes/native/a3/a38213ed-fb79-4a07-a360-b3088d73394f.e8452.astc,a38213ed-fb79-4a07-a360-b3088d73394f,release/remote/extraRes/import/a3/a38213ed-fb79-4a07-a360-b3088d73394f.19fac.json,,0229_asset__a38213ed-fb79-4a07-a360-b3088d73394f.png,31,35,6x6x1,RGBA,straight,decoder_BGRA_to_PNG_RGBA,,,,546381d82eb5fcef31adee1e1cb2450a204039635def0f7332bf159baedacf02
230,release/remote/extraRes/native/a3/a37e8489-0214-4aff-9bfe-b38b3aa5ba0d.0b957.astc,a37e8489-0214-4aff-9bfe-b38b3aa5ba0d,release/remote/extraRes/import/a3/a37e8489-0214-4aff-9bfe-b38b3aa5ba0d%40f9941.02c3c.json,zijintudi,0230_zijintudi__a37e8489-0214-4aff-9bfe-b38b3aa5ba0d.png,53,29,6x6x1,RGBA,straight,decoder_BGRA_to_PNG_RGBA,False,"{'x': 0, 'y': 0, 'width': 53, 'height': 29}","{'width': 53, 'height': 29}",d7ef1d05b57c61706273c6aac23384661ed65700404f17c5645b633f73c326b7
231,release/remote/extraRes/native/a2/a2f9575a-c951-4dc6-a0da-97069a896a25.bf2ea.astc,a2f9575a-c951-4dc6-a0da-97069a896a25,release/remote/extraRes/import/a2/a2f9575a-c951-4dc6-a0da-97069a896a25.19fac.json,,0231_asset__a2f9575a-c951-4dc6-a0da-97069a896a25.png,214,87,6x6x1,RGBA,straight,decoder_BGRA_to_PNG_RGBA,,,,b2b0cdc1f60e0208562304529434815ddacec18da2df391825f6f36f10d0d042
232,release/remote/extraRes/native/a2/a2850b04-d800-4c86-a435-4bcce3d43238.dbea6.astc,a2850b04-d800-4c86-a435-4bcce3d43238,release/remote/extraRes/import/a2/a2850b04-d800-4c86-a435-4bcce3d43238.19fac.json,,0232_asset__a2850b04-d800-4c86-a435-4bcce3d43238.png,237,236,6x6x1,RGBA,straight,decoder_BGRA_to_PNG_RGBA,,,,406844cf81a1397ceb44cc7307f7489b2544354a771ff276bd0748acc74406c1
233,release/remote/extraRes/native/a0/a0f81bb9-0ee8-42f9-8414-b1325e2f4d36.368ab.astc,a0f81bb9-0ee8-42f9-8414-b1325e2f4d36,release/remote/extraRes/import/a0/a0f81bb9-0ee8-42f9-8414-b1325e2f4d36%40f9941.56c5e.json,fx_glow_04,0233_fx_glow_04__a0f81bb9-0ee8-42f9-8414-b1325e2f4d36.png,169,160,6x6x1,RGBA,straight,decoder_BGRA_to_PNG_RGBA,False,"{'x': 0, 'y': 0, 'width': 169, 'height': 155}","{'width': 169, 'height': 160}",54325eaf4452d250665aec9c271effaf94005ab7700f1cbdff44ffb61aadcfcd
234,release/remote/extraRes/native/a0/a04b7acf-1a3e-4674-980c-03eb29c3d1dc.30d67.astc,a04b7acf-1a3e-4674-980c-03eb29c3d1dc,release/remote/extraRes/import/a0/a04b7acf-1a3e-4674-980c-03eb29c3d1dc%40f9941.4be3c.json,dogFood3,0234_dogFood3__a04b7acf-1a3e-4674-980c-03eb29c3d1dc.png,100,100,6x6x1,RGBA,straight,decoder_BGRA_to_PNG_RGBA,False,"{'x': 7, 'y': 12, 'width': 77, 'height': 79}","{'width': 100, 'height': 100}",763bd8f589a3d0f1c65fffa3340d9cbb1ab6873ea2f367ffa1e79351189bc3e2
235,release/remote/extraRes/native/9f/9fb9b5e9-8078-4c15-816e-2fceefd2572f.cdbdb.astc,9fb9b5e9-8078-4c15-816e-2fceefd2572f,release/remote/extraRes/import/9f/9fb9b5e9-8078-4c15-816e-2fceefd2572f.19fac.json,,0235_asset__9fb9b5e9-8078-4c15-816e-2fceefd2572f.png,140,140,6x6x1,RGBA,straight,decoder_BGRA_to_PNG_RGBA,,,,2ad80d4ea1e6e6c8fc87d21ec46667433d0fdb89239589bcbe91fecb310239c8
236,release/remote/extraRes/native/9f/9f80c713-8112-46ac-ab6d-d4ea6da8d184.6d4a5.astc,9f80c713-8112-46ac-ab6d-d4ea6da8d184,release/remote/extraRes/import/9f/9f80c713-8112-46ac-ab6d-d4ea6da8d184.19fac.json,,0236_asset__9f80c713-8112-46ac-ab6d-d4ea6da8d184.png,772,268,6x6x1,RGBA,straight,decoder_BGRA_to_PNG_RGBA,,,,af51f6245e40eae8efad3dfc1a062566b4caed450c6726d09bce99c32d59080a
237,release/remote/extraRes/native/9f/9f6c46e9-e006-4593-a074-95b3b5e4404e.4a8d7.astc,9f6c46e9-e006-4593-a074-95b3b5e4404e,release/remote/extraRes/import/9f/9f6c46e9-e006-4593-a074-95b3b5e4404e%40f9941.7e068.json,frozen,0237_frozen__9f6c46e9-e006-4593-a074-95b3b5e4404e.png,44,44,6x6x1,RGBA,straight,decoder_BGRA_to_PNG_RGBA,False,"{'x': 0, 'y': 0, 'width': 44, 'height': 44}","{'width': 44, 'height': 44}",79575a83860805db313f5d7886ae3f835f15e24c69a1726156d2d5b860e4863d
238,release/remote/extraRes/native/9f/9f08c31b-d177-401e-9a15-71310660fd76.82012.astc,9f08c31b-d177-401e-9a15-71310660fd76,release/remote/extraRes/import/9f/9f08c31b-d177-401e-9a15-71310660fd76.19fac.json,,0238_asset__9f08c31b-d177-401e-9a15-71310660fd76.png,128,128,6x6x1,RGBA,straight,decoder_BGRA_to_PNG_RGBA,,,,34de2c29ed6bd40649a2f0bfdab282ba47ec1167ac401a6a7676816ae3f83317
239,release/remote/extraRes/native/9e/9eca5499-3b17-4643-afce-67496298676c.84a85.astc,9eca5499-3b17-4643-afce-67496298676c,release/remote/extraRes/import/9e/9eca5499-3b17-4643-afce-67496298676c.19fac.json,,0239_asset__9eca5499-3b17-4643-afce-67496298676c.png,685,129,6x6x1,RGBA,straight,decoder_BGRA_to_PNG_RGBA,,,,1d0841da767c3628fd45dce66fe4e91e14ef43b2ab393d261929aa2895c80404
240,release/remote/extraRes/native/9e/9eb966b6-c6fe-4650-87f7-7b3723858a1b.02977.astc,9eb966b6-c6fe-4650-87f7-7b3723858a1b,release/remote/extraRes/import/9e/9eb966b6-c6fe-4650-87f7-7b3723858a1b.19fac.json,,0240_asset__9eb966b6-c6fe-4650-87f7-7b3723858a1b.png,711,209,6x6x1,RGBA,straight,decoder_BGRA_to_PNG_RGBA,,,,d45b434fdaacfe5439daa418680d71005721f1bc13bc4fa3d99ce5028e1f209f
241,release/remote/extraRes/native/9e/9eaf8be0-69e4-401d-8073-84fd57798543.adc11.astc,9eaf8be0-69e4-401d-8073-84fd57798543,release/remote/extraRes/import/9e/9eaf8be0-69e4-401d-8073-84fd57798543.19fac.json,,0241_asset__9eaf8be0-69e4-401d-8073-84fd57798543.png,57,26,6x6x1,RGBA,straight,decoder_BGRA_to_PNG_RGBA,,,,2b250f6a2c2e3c4ad9fb49368f4d624ae9cad3236dd6863a893be99b704872a6
242,release/remote/extraRes/native/9e/9e1fff0e-5431-4df9-858f-4a1a10d8ca8d.def46.astc,9e1fff0e-5431-4df9-858f-4a1a10d8ca8d,release/remote/extraRes/import/9e/9e1fff0e-5431-4df9-858f-4a1a10d8ca8d.19fac.json,,0242_asset__9e1fff0e-5431-4df9-858f-4a1a10d8ca8d.png,58,58,6x6x1,RGBA,straight,decoder_BGRA_to_PNG_RGBA,,,,0d53a79a515d0dc79dc2cda1ab4b9367e7fde11572fae56ca563238fd95619c3
243,release/remote/extraRes/native/9d/9d9c366c-46d7-4119-ab86-aa610e388595.e8dc3.astc,9d9c366c-46d7-4119-ab86-aa610e388595,release/remote/extraRes/import/9d/9d9c366c-46d7-4119-ab86-aa610e388595.19fac.json,,0243_asset__9d9c366c-46d7-4119-ab86-aa610e388595.png,512,512,6x6x1,RGBA,straight,decoder_BGRA_to_PNG_RGBA,,,,a5968448caac07dcba2d60445c1cf10ee9fe1139964318eb844f6ee293193cb8
244,release/remote/extraRes/native/9d/9d7ceae7-a01d-433d-86df-5723a5462963.2bf68.astc,9d7ceae7-a01d-433d-86df-5723a5462963,release/remote/extraRes/import/9d/9d7ceae7-a01d-433d-86df-5723a5462963.19fac.json,,0244_asset__9d7ceae7-a01d-433d-86df-5723a5462963.png,180,172,6x6x1,RGBA,straight,decoder_BGRA_to_PNG_RGBA,,,,dd384646bc1e9ff95420be139161321d8ba8657e5ba8e2e0bec88f1005318162
245,release/remote/extraRes/native/9c/9cf9320e-bcc1-4c58-b493-6f5e7fbe6891.acf4a.astc,9cf9320e-bcc1-4c58-b493-6f5e7fbe6891,release/remote/extraRes/import/9c/9cf9320e-bcc1-4c58-b493-6f5e7fbe6891.19fac.json,,0245_asset__9cf9320e-bcc1-4c58-b493-6f5e7fbe6891.png,1590,1000,6x6x1,RGBA,straight,decoder_BGRA_to_PNG_RGBA,,,,2ade1a74ea11097d91c0284bf798be03624bedb7d5628667d388c7192da40638
246,release/remote/extraRes/native/9b/9b84f46e-bb8c-4775-95ea-c1fa70b5b86f.3011a.astc,9b84f46e-bb8c-4775-95ea-c1fa70b5b86f,release/remote/extraRes/import/9b/9b84f46e-bb8c-4775-95ea-c1fa70b5b86f.19fac.json,,0246_asset__9b84f46e-bb8c-4775-95ea-c1fa70b5b86f.png,331,115,6x6x1,RGBA,straight,decoder_BGRA_to_PNG_RGBA,,,,ccd03e0c572ba5755f0a46c28c8f5c01ecf8ec590c509ad3f2517bbb0dec267c
247,release/remote/extraRes/native/9b/9b41c817-076e-40f2-8d68-8adcdfc24ea5.1dba1.astc,9b41c817-076e-40f2-8d68-8adcdfc24ea5,release/remote/extraRes/import/9b/9b41c817-076e-40f2-8d68-8adcdfc24ea5.19fac.json,,0247_asset__9b41c817-076e-40f2-8d68-8adcdfc24ea5.png,31,35,6x6x1,RGBA,straight,decoder_BGRA_to_PNG_RGBA,,,,0b3d66f1462179e86860d6f596f722407fb2c40a19a8b7b26912826f2a0742a2
248,release/remote/extraRes/native/99/9946608f-73ea-4019-9c41-2dc539f2c817.9957d.astc,9946608f-73ea-4019-9c41-2dc539f2c817,release/remote/extraRes/import/99/9946608f-73ea-4019-9c41-2dc539f2c817.19fac.json,,0248_asset__9946608f-73ea-4019-9c41-2dc539f2c817.png,1024,1024,6x6x1,RGBA,straight,decoder_BGRA_to_PNG_RGBA,,,,445250b3ef22363a8359e24be1a703611e91d9550f0d51c6156c4581cbf865f3
249,release/remote/extraRes/native/99/99102407-0919-4b5e-aa6d-7003c21bf171.7a1f9.astc,99102407-0919-4b5e-aa6d-7003c21bf171,release/remote/extraRes/import/99/99102407-0919-4b5e-aa6d-7003c21bf171.19fac.json,,0249_asset__99102407-0919-4b5e-aa6d-7003c21bf171.png,172,119,6x6x1,RGBA,straight,decoder_BGRA_to_PNG_RGBA,,,,6e3947c701bf3077c886217454a5c7662e5c8e0f1da15cfc5cbd81b226d57cf9
250,release/remote/extraRes/native/98/98771ac0-4344-4c78-b5a0-ae7c3323fa0d.69613.astc,98771ac0-4344-4c78-b5a0-ae7c3323fa0d,release/remote/extraRes/import/98/98771ac0-4344-4c78-b5a0-ae7c3323fa0d%40f9941.8031b.json,butterfly,0250_butterfly__98771ac0-4344-4c78-b5a0-ae7c3323fa0d.png,44,45,6x6x1,RGBA,straight,decoder_BGRA_to_PNG_RGBA,False,"{'x': 0, 'y': 0, 'width': 44, 'height': 45}","{'width': 44, 'height': 45}",644cdb10e447c997e3f53aae28dcf4f76d418896f593b5dc48f7644c8148f9f6
251,release/remote/extraRes/native/98/9853bc5e-7d89-45e4-9732-e4caf331aaff.67aee.astc,9853bc5e-7d89-45e4-9732-e4caf331aaff,release/remote/extraRes/import/98/9853bc5e-7d89-45e4-9732-e4caf331aaff.19fac.json,,0251_asset__9853bc5e-7d89-45e4-9732-e4caf331aaff.png,256,256,6x6x1,RGBA,straight,decoder_BGRA_to_PNG_RGBA,,,,733ad0d5db53e1671346a5fe330fdf9c199dedfccce01414db791d79642e2df4
252,release/remote/extraRes/native/98/982f56d3-18cb-450a-87f0-f2c1aed6122d.56712.astc,982f56d3-18cb-450a-87f0-f2c1aed6122d,release/remote/extraRes/import/98/982f56d3-18cb-450a-87f0-f2c1aed6122d.19fac.json,,0252_asset__982f56d3-18cb-450a-87f0-f2c1aed6122d.png,31,35,6x6x1,RGBA,straight,decoder_BGRA_to_PNG_RGBA,,,,72ff44fd786d6bab94722e0954c9a02f73563e164c39aa1ff298996f5c2feba8
253,release/remote/extraRes/native/96/96e1d74a-ac3c-4fa3-a801-efd0b5ce78c4.e2010.astc,96e1d74a-ac3c-4fa3-a801-efd0b5ce78c4,release/remote/extraRes/import/96/96e1d74a-ac3c-4fa3-a801-efd0b5ce78c4.19fac.json,,0253_asset__96e1d74a-ac3c-4fa3-a801-efd0b5ce78c4.png,31,35,6x6x1,RGBA,straight,decoder_BGRA_to_PNG_RGBA,,,,6abb0485b6cd66d76cc78a7ac364cb84d297058c2ec7f3314095b2525042bd35
254,release/remote/extraRes/native/96/965fe5ab-e44e-46a8-9bb0-789528eea059.fc28c.astc,965fe5ab-e44e-46a8-9bb0-789528eea059,release/remote/extraRes/import/96/965fe5ab-e44e-46a8-9bb0-789528eea059%40f9941.92dfd.json,pack_friendrecall_friend,0254_pack_friendrecall_friend__965fe5ab-e44e-46a8-9bb0-789528eea059.png,100,100,6x6x1,RGBA,straight,decoder_BGRA_to_PNG_RGBA,False,"{'x': 12, 'y': 11, 'width': 75, 'height': 78}","{'width': 100, 'height': 100}",048fc079211cb27ade6a6623a4656832238bb13d3752f04afc0e8c4ca7fffa8e
255,release/remote/extraRes/native/96/963ca8db-28b3-4103-a121-0c0703550bd6.be97e.astc,963ca8db-28b3-4103-a121-0c0703550bd6,release/remote/extraRes/import/96/963ca8db-28b3-4103-a121-0c0703550bd6%40f9941.9c1c8.json,icon_skin_warehouse_4,0255_icon_skin_warehouse_4__963ca8db-28b3-4103-a121-0c0703550bd6.png,100,100,6x6x1,RGBA,straight,decoder_BGRA_to_PNG_RGBA,False,"{'x': 3, 'y': 15, 'width': 95, 'height': 75}","{'width': 100, 'height': 100}",9ead8e1b945a48d44df462f78ea52443e17674af23afcdd13c64201405a406f2
256,release/remote/extraRes/native/94/948319a9-13d2-4612-9bd5-ca14f466504e.201e7.astc,948319a9-13d2-4612-9bd5-ca14f466504e,release/remote/extraRes/import/94/948319a9-13d2-4612-9bd5-ca14f466504e%40f9941.11779.json,img_skin_item_rarity4,0256_img_skin_item_rarity4__948319a9-13d2-4612-9bd5-ca14f466504e.png,136,138,6x6x1,RGBA,straight,decoder_BGRA_to_PNG_RGBA,False,"{'x': 0, 'y': 0, 'width': 136, 'height': 138}","{'width': 136, 'height': 138}",54d49e066f004a33d3b3afdff99efad2cc549b2dbe24f22ccc5a7f912a13ff2b
257,release/remote/extraRes/native/94/946b4d9e-025d-4c7f-9dd8-9d159689d5bf.c96c6.astc,946b4d9e-025d-4c7f-9dd8-9d159689d5bf,release/remote/extraRes/import/94/946b4d9e-025d-4c7f-9dd8-9d159689d5bf%40f9941.67a88.json,img_nameplate_decoration_saiji_1,0257_img_nameplate_decoration_saiji_1__946b4d9e-025d-4c7f-9dd8-9d159689d5bf.png,600,300,6x6x1,RGBA,straight,decoder_BGRA_to_PNG_RGBA,False,"{'x': 177, 'y': 63, 'width': 257, 'height': 150}","{'width': 600, 'height': 300}",0e77774e5f4ad60f4199bfa07a2fc17eb810876f60e2b34f5b198e6b9f3803e8
258,release/remote/extraRes/native/94/9469cb0d-f99a-426c-92e6-65e0377b0478.89526.astc,9469cb0d-f99a-426c-92e6-65e0377b0478,release/remote/extraRes/import/94/9469cb0d-f99a-426c-92e6-65e0377b0478.19fac.json,,0258_asset__9469cb0d-f99a-426c-92e6-65e0377b0478.png,672,302,6x6x1,RGBA,straight,decoder_BGRA_to_PNG_RGBA,,,,91b3e90639a90045b13cd6074a872e9be5a153552033ec9c545c12852db2de1a
259,release/remote/extraRes/native/94/943061b6-7249-44f3-9ee9-4495dd03e9fc.9c2cb.astc,943061b6-7249-44f3-9ee9-4495dd03e9fc,release/remote/extraRes/import/94/943061b6-7249-44f3-9ee9-4495dd03e9fc.19fac.json,,0259_asset__943061b6-7249-44f3-9ee9-4495dd03e9fc.png,280,112,6x6x1,RGBA,straight,decoder_BGRA_to_PNG_RGBA,,,,3dd2a8f8ef515c881c86cde5e8199d2c93d0253d67836ef1ce56e7e7275c59b2
260,release/remote/extraRes/native/93/93574e3e-39dc-42ab-8399-1405fbc4f006.d3444.astc,93574e3e-39dc-42ab-8399-1405fbc4f006,release/remote/extraRes/import/93/93574e3e-39dc-42ab-8399-1405fbc4f006.19fac.json,,0260_asset__93574e3e-39dc-42ab-8399-1405fbc4f006.png,31,35,6x6x1,RGBA,straight,decoder_BGRA_to_PNG_RGBA,,,,7893e9ffc500668de1c5ccb66b373c6e4590eb498ebfd9f769c8a8e8a341108a
261,release/remote/extraRes/native/93/932bde4a-7041-4260-895a-306ca74901f8.be276.astc,932bde4a-7041-4260-895a-306ca74901f8,release/remote/extraRes/import/93/932bde4a-7041-4260-895a-306ca74901f8.19fac.json,,0261_asset__932bde4a-7041-4260-895a-306ca74901f8.png,31,35,6x6x1,RGBA,straight,decoder_BGRA_to_PNG_RGBA,,,,4672f75fdbe3e58357381acb5e528751eb5973b96cbd7fcc167385f0517b5834
262,release/remote/extraRes/native/93/931565ce-dbda-4114-b37b-052184e94e37.5a6f7.astc,931565ce-dbda-4114-b37b-052184e94e37,release/remote/extraRes/import/93/931565ce-dbda-4114-b37b-052184e94e37%40f9941.84c9f.json,img_giftHead_bg,0262_img_giftHead_bg__931565ce-dbda-4114-b37b-052184e94e37.png,128,128,6x6x1,RGBA,straight,decoder_BGRA_to_PNG_RGBA,False,"{'x': 8, 'y': 8, 'width': 107, 'height': 107}","{'width': 128, 'height': 128}",f56bd918619dbaf36bc7ba4af7ca81ce0c39a9446fbe65a6007cf4f75e5bda2d
263,release/remote/extraRes/native/92/92981f00-0c5c-4408-8f44-80c4d7a6948d.3dea2.astc,92981f00-0c5c-4408-8f44-80c4d7a6948d,release/remote/extraRes/import/92/92981f00-0c5c-4408-8f44-80c4d7a6948d%40f9941.1b818.json,icon_skin_house_2,0263_icon_skin_house_2__92981f00-0c5c-4408-8f44-80c4d7a6948d.png,100,100,6x6x1,RGBA,straight,decoder_BGRA_to_PNG_RGBA,False,"{'x': 1, 'y': 8, 'width': 97, 'height': 86}","{'width': 100, 'height': 100}",aa26be0a6550e94040b6564fabc7f3384d634beab896bf935d28b695eda66d8f
264,release/remote/extraRes/native/91/91190690-fbe2-416a-806c-1ba27cf2946e.cb008.astc,91190690-fbe2-416a-806c-1ba27cf2946e,release/remote/extraRes/import/91/91190690-fbe2-416a-806c-1ba27cf2946e.19fac.json,,0264_asset__91190690-fbe2-416a-806c-1ba27cf2946e.png,72,74,6x6x1,RGBA,straight,decoder_BGRA_to_PNG_RGBA,,,,69809f46ab37d1e75f9cde16e86d3df2c76eac209f75dcad51a51c69643ee867
265,release/remote/extraRes/native/8f/8ff0f84a-efd2-4f8b-9ba1-b439d8d45373.e1c6c.astc,8ff0f84a-efd2-4f8b-9ba1-b439d8d45373,release/remote/extraRes/import/8f/8ff0f84a-efd2-4f8b-9ba1-b439d8d45373%40f9941.81fe1.json,icon_skin_barrier_7,0265_icon_skin_barrier_7__8ff0f84a-efd2-4f8b-9ba1-b439d8d45373.png,100,100,6x6x1,RGBA,straight,decoder_BGRA_to_PNG_RGBA,False,"{'x': 7, 'y': 13, 'width': 88, 'height': 74}","{'width': 100, 'height': 100}",cd67b7a3fe022fb6198ce84a3656967053194316b7b2cb9e433a32e21a38d714
266,release/remote/extraRes/native/8f/8fa0ced2-0bd8-4d46-bb30-e364c9bc463f.910e9.astc,8fa0ced2-0bd8-4d46-bb30-e364c9bc463f,release/remote/extraRes/import/8f/8fa0ced2-0bd8-4d46-bb30-e364c9bc463f.19fac.json,,0266_asset__8fa0ced2-0bd8-4d46-bb30-e364c9bc463f.png,156,156,6x6x1,RGBA,straight,decoder_BGRA_to_PNG_RGBA,,,,22bf58451e6fd41b22165c8e6637eff99c4c3723aced987d98f5f68f82ec831f
267,release/remote/extraRes/native/8f/8f32493c-d4f2-49b4-ae1a-7f0fedcfc324.a78a9.astc,8f32493c-d4f2-49b4-ae1a-7f0fedcfc324,release/remote/extraRes/import/8f/8f32493c-d4f2-49b4-ae1a-7f0fedcfc324%40f9941.031ce.json,icon_skin_house_8,0267_icon_skin_house_8__8f32493c-d4f2-49b4-ae1a-7f0fedcfc324.png,100,100,6x6x1,RGBA,straight,decoder_BGRA_to_PNG_RGBA,False,"{'x': 0, 'y': 14, 'width': 99, 'height': 71}","{'width': 100, 'height': 100}",bfe7f7b8867b689d63cf0af67bbe243cddda8b72a73c39518b162971af3dc00e
268,release/remote/extraRes/native/8f/8f0242d8-4505-4318-a635-29235309e1a0.849d9.astc,8f0242d8-4505-4318-a635-29235309e1a0,release/remote/extraRes/import/8f/8f0242d8-4505-4318-a635-29235309e1a0.19fac.json,,0268_asset__8f0242d8-4505-4318-a635-29235309e1a0.png,31,35,6x6x1,RGBA,straight,decoder_BGRA_to_PNG_RGBA,,,,f5de0f04ce816f88de6aaf122029febb7e5ac4bb120a64e60af9af2f4c706d0b
269,release/remote/extraRes/native/8e/8e6bfba3-7573-4cd6-817e-c44fa5607d14.bb9e7.astc,8e6bfba3-7573-4cd6-817e-c44fa5607d14,release/remote/extraRes/import/8e/8e6bfba3-7573-4cd6-817e-c44fa5607d14%40f9941.1e0fe.json,tata,0269_tata__8e6bfba3-7573-4cd6-817e-c44fa5607d14.png,44,44,6x6x1,RGBA,straight,decoder_BGRA_to_PNG_RGBA,False,"{'x': 0, 'y': 0, 'width': 44, 'height': 44}","{'width': 44, 'height': 44}",7fd15b47b6f815c58cbe4900e09faa6652f37788ed4e71211e10bbad2d5d7468
270,release/remote/extraRes/native/8e/8e2a6946-e6e2-4593-8a61-78cf4fac7733.cf222.astc,8e2a6946-e6e2-4593-8a61-78cf4fac7733,,,0270_asset__8e2a6946-e6e2-4593-8a61-78cf4fac7733.png,84,89,6x6x1,RGBA,straight,decoder_BGRA_to_PNG_RGBA,,,,32775ca8d167fd9078fa232b69b1b92338f542a4eb74fb8e9e04951b675ce76f
271,release/remote/extraRes/native/8c/8c341822-9915-4ac3-a22b-1178ceb0751d.da392.astc,8c341822-9915-4ac3-a22b-1178ceb0751d,release/remote/extraRes/import/8c/8c341822-9915-4ac3-a22b-1178ceb0751d%40f9941.9e093.json,fx_circle_03,0271_fx_circle_03__8c341822-9915-4ac3-a22b-1178ceb0751d.png,64,64,6x6x1,RGBA,straight,decoder_BGRA_to_PNG_RGBA,False,"{'x': 0, 'y': 0, 'width': 64, 'height': 64}","{'width': 64, 'height': 64}",f7c88ba0ab0ec80b121bec68aedd4c64e3b8b8f84cfbcbd6fb4c1a9b04a52b78
272,release/remote/extraRes/native/8c/8c2a6008-0005-4819-8cd9-3ac9b0cce56e.56f3b.astc,8c2a6008-0005-4819-8cd9-3ac9b0cce56e,release/remote/extraRes/import/8c/8c2a6008-0005-4819-8cd9-3ac9b0cce56e.19fac.json,,0272_asset__8c2a6008-0005-4819-8cd9-3ac9b0cce56e.png,31,35,6x6x1,RGBA,straight,decoder_BGRA_to_PNG_RGBA,,,,d5f3403aaaed380f251ddca5a20e40602178d749797fd4242f274b5dd8eeebee
273,release/remote/extraRes/native/8b/8b1ae351-5682-4930-9b87-9015c3533795.131e2.astc,8b1ae351-5682-4930-9b87-9015c3533795,release/remote/extraRes/import/8b/8b1ae351-5682-4930-9b87-9015c3533795.19fac.json,,0273_asset__8b1ae351-5682-4930-9b87-9015c3533795.png,1,47,6x6x1,RGBA,straight,decoder_BGRA_to_PNG_RGBA,,,,60ee766e0f86a48d1947817002e0187749c1601bb17a10f146201909d5ea973e
274,release/remote/extraRes/native/8a/8a5f70e0-4289-4d83-91e2-be8c4ad3cb12.9df0d.astc,8a5f70e0-4289-4d83-91e2-be8c4ad3cb12,release/remote/extraRes/import/8a/8a5f70e0-4289-4d83-91e2-be8c4ad3cb12.19fac.json,,0274_asset__8a5f70e0-4289-4d83-91e2-be8c4ad3cb12.png,180,172,6x6x1,RGBA,straight,decoder_BGRA_to_PNG_RGBA,,,,b4ed9797f71ff481b0023a0070f53e789fed71927a68c4a9220095aef5662f2a
275,release/remote/extraRes/native/88/88b6f9e8-bc59-42bb-ba2f-3c5510614fb9.76257.astc,88b6f9e8-bc59-42bb-ba2f-3c5510614fb9,release/remote/extraRes/import/88/88b6f9e8-bc59-42bb-ba2f-3c5510614fb9.19fac.json,,0275_asset__88b6f9e8-bc59-42bb-ba2f-3c5510614fb9.png,186,291,6x6x1,RGBA,straight,decoder_BGRA_to_PNG_RGBA,,,,4e6b285f99e6050dcf3f30df76222d02b5c9807e3eaac0c73c12e69023d582c0
276,release/remote/extraRes/native/88/88065769-85dc-4aab-b462-2b792b1b0592.d5ec1.astc,88065769-85dc-4aab-b462-2b792b1b0592,release/remote/extraRes/import/88/88065769-85dc-4aab-b462-2b792b1b0592.19fac.json,,0276_asset__88065769-85dc-4aab-b462-2b792b1b0592.png,720,979,6x6x1,RGBA,straight,decoder_BGRA_to_PNG_RGBA,,,,b50fd12a909d950a15a2c279012491e344d7be171ff3c6a81a2294b37c4b2a6e
277,release/remote/extraRes/native/87/8720f596-78f1-452c-956c-96e299dbb18f.8a623.astc,8720f596-78f1-452c-956c-96e299dbb18f,release/remote/extraRes/import/87/8720f596-78f1-452c-956c-96e299dbb18f.19fac.json,,0277_asset__8720f596-78f1-452c-956c-96e299dbb18f.png,83,82,6x6x1,RGBA,straight,decoder_BGRA_to_PNG_RGBA,,,,afc34883fedb5d0d1e87557915f0ab623a288b2ca2d6c8d68ac8c9dd966170ae
278,release/remote/extraRes/native/86/86be40d4-15f9-40cd-8400-041019f93750.0b5b3.astc,86be40d4-15f9-40cd-8400-041019f93750,release/remote/extraRes/import/86/86be40d4-15f9-40cd-8400-041019f93750.19fac.json,,0278_asset__86be40d4-15f9-40cd-8400-041019f93750.png,993,360,6x6x1,RGBA,straight,decoder_BGRA_to_PNG_RGBA,,,,c446ac4ddc578e2bead89633302a7b8a13387ebd0cd1c89e7daeb4f37d032e2c
279,release/remote/extraRes/native/86/86460123-390c-4e2f-a740-c5d5739c0f47.bd766.astc,86460123-390c-4e2f-a740-c5d5739c0f47,release/remote/extraRes/import/86/86460123-390c-4e2f-a740-c5d5739c0f47.19fac.json,,0279_asset__86460123-390c-4e2f-a740-c5d5739c0f47.png,256,128,6x6x1,RGBA,straight,decoder_BGRA_to_PNG_RGBA,,,,9b0f41bdf4affbfd9b239d70b2cf4368c7dd1f173731de9cad959f8391bf82dd
280,release/remote/extraRes/native/84/8454f9ac-415f-442f-a022-9458e8efaae5.c7286.astc,8454f9ac-415f-442f-a022-9458e8efaae5,release/remote/extraRes/import/84/8454f9ac-415f-442f-a022-9458e8efaae5%40f9941.bb2c9.json,img_avatar_duanwu_2,0280_img_avatar_duanwu_2__8454f9ac-415f-442f-a022-9458e8efaae5.png,128,128,6x6x1,RGBA,straight,decoder_BGRA_to_PNG_RGBA,False,"{'x': 3, 'y': 9, 'width': 112, 'height': 107}","{'width': 128, 'height': 128}",021c4fa14cb066e307e650037d0e1e5f6cdd2bae7593c673da635e00dda1f2e2
281,release/remote/extraRes/native/84/8401d2a9-888b-4daa-9950-a28663cbcc85.a7530.astc,8401d2a9-888b-4daa-9950-a28663cbcc85,release/remote/extraRes/import/84/8401d2a9-888b-4daa-9950-a28663cbcc85%40f9941.98ae9.json,jintudi,0281_jintudi__8401d2a9-888b-4daa-9950-a28663cbcc85.png,53,29,6x6x1,RGBA,straight,decoder_BGRA_to_PNG_RGBA,False,"{'x': 0, 'y': 0, 'width': 53, 'height': 29}","{'width': 53, 'height': 29}",fdec0a642f8f41c6d25f7f3a2d2121de0c8e31376364a6ce8c7aecf9cbec67a5
282,release/remote/extraRes/native/83/835fa5b1-79cb-4cea-bf32-2f6d77b736c5.bbfc4.astc,835fa5b1-79cb-4cea-bf32-2f6d77b736c5,release/remote/extraRes/import/83/835fa5b1-79cb-4cea-bf32-2f6d77b736c5%40f9941.be893.json,dogFood2,0282_dogFood2__835fa5b1-79cb-4cea-bf32-2f6d77b736c5.png,100,100,6x6x1,RGBA,straight,decoder_BGRA_to_PNG_RGBA,False,"{'x': 8, 'y': 12, 'width': 76, 'height': 79}","{'width': 100, 'height': 100}",318c0a333e025b93a79817255a7bcd83b36e8e0111ec269729f55d24a186a913
283,release/remote/extraRes/native/82/82987223-24f2-429d-a158-57e77cd6975a.7ebd9.astc,82987223-24f2-429d-a158-57e77cd6975a,release/remote/extraRes/import/82/82987223-24f2-429d-a158-57e77cd6975a%40f9941.cab24.json,icon_skin_warehouse_7,0283_icon_skin_warehouse_7__82987223-24f2-429d-a158-57e77cd6975a.png,100,100,6x6x1,RGBA,straight,decoder_BGRA_to_PNG_RGBA,False,"{'x': 7, 'y': 12, 'width': 92, 'height': 77}","{'width': 100, 'height': 100}",416ebff6849812e31fa60762013d3c2abfd2020a4d181b8ecb2c9df0a43fa5bb
284,release/remote/extraRes/native/82/820e117c-6eda-42b6-a8a7-9b9da3bca020.538c4.astc,820e117c-6eda-42b6-a8a7-9b9da3bca020,release/remote/extraRes/import/82/820e117c-6eda-42b6-a8a7-9b9da3bca020%40f9941.f5e3e.json,img_avatar_duanwu_1,0284_img_avatar_duanwu_1__820e117c-6eda-42b6-a8a7-9b9da3bca020.png,128,128,6x6x1,RGBA,straight,decoder_BGRA_to_PNG_RGBA,False,"{'x': 3, 'y': 9, 'width': 112, 'height': 107}","{'width': 128, 'height': 128}",b5dd6d52467cdfd413a784909ec867bb5c356d08ed7e0b2c61a99023b53d6196
285,release/remote/extraRes/native/80/80bfa627-4b31-4c37-bd38-85ad58541cb5.80450.astc,80bfa627-4b31-4c37-bd38-85ad58541cb5,release/remote/extraRes/import/80/80bfa627-4b31-4c37-bd38-85ad58541cb5%40f9941.0d795.json,icon_skin_house_1,0285_icon_skin_house_1__80bfa627-4b31-4c37-bd38-85ad58541cb5.png,100,100,6x6x1,RGBA,straight,decoder_BGRA_to_PNG_RGBA,False,"{'x': 5, 'y': 2, 'width': 95, 'height': 98}","{'width': 100, 'height': 100}",0f95658d8268010d68e1f1fef35fbd51f9119247e7a47f1363b8aca3c78faf8f
286,release/remote/extraRes/native/80/806e144b-4fcc-47a4-a303-056c26f5781c.d88af.astc,806e144b-4fcc-47a4-a303-056c26f5781c,release/remote/extraRes/import/80/806e144b-4fcc-47a4-a303-056c26f5781c.19fac.json,,0286_asset__806e144b-4fcc-47a4-a303-056c26f5781c.png,100,100,6x6x1,RGBA,straight,decoder_BGRA_to_PNG_RGBA,,,,edda25af26b45f04787a7394c545bc84e7af6128e2492046269c33e3189c3516
287,release/remote/extraRes/native/80/806ade96-f9f4-47fe-9542-a6328a41c6e7.1b898.astc,806ade96-f9f4-47fe-9542-a6328a41c6e7,release/remote/extraRes/import/80/806ade96-f9f4-47fe-9542-a6328a41c6e7%40f9941.d1a09.json,pet_item_inactive,0287_pet_item_inactive__806ade96-f9f4-47fe-9542-a6328a41c6e7.png,140,146,6x6x1,RGBA,straight,decoder_BGRA_to_PNG_RGBA,False,"{'x': 0, 'y': 4, 'width': 140, 'height': 140}","{'width': 140, 'height': 146}",fadf60832adc75e68c07dbc627c3273d1f0e741fca4a1821b4159cff12e40f7b
288,release/remote/extraRes/native/7f/7fb0f61d-582a-4803-bf8f-73d409e38170.89a52.astc,7fb0f61d-582a-4803-bf8f-73d409e38170,release/remote/extraRes/import/7f/7fb0f61d-582a-4803-bf8f-73d409e38170.19fac.json,,0288_asset__7fb0f61d-582a-4803-bf8f-73d409e38170.png,31,35,6x6x1,RGBA,straight,decoder_BGRA_to_PNG_RGBA,,,,6f1f7a11f76101e74b6047e91e28ca2bb9a4926c236144a63f7108e074ab4f2e
289,release/remote/extraRes/native/7e/7ee91666-d823-4acb-9757-8c1d832c3e93.06941.astc,7ee91666-d823-4acb-9757-8c1d832c3e93,release/remote/extraRes/import/7e/7ee91666-d823-4acb-9757-8c1d832c3e93.19fac.json,,0289_asset__7ee91666-d823-4acb-9757-8c1d832c3e93.png,1088,759,6x6x1,RGBA,straight,decoder_BGRA_to_PNG_RGBA,,,,92f3f2ecbafa7297117477025610b8481549c1f1ce93c03541f20237fa443520
290,release/remote/extraRes/native/7e/7e10d2cf-7626-4dc6-860d-69b171b89805.8c20b.astc,7e10d2cf-7626-4dc6-860d-69b171b89805,release/remote/extraRes/import/7e/7e10d2cf-7626-4dc6-860d-69b171b89805.19fac.json,,0290_asset__7e10d2cf-7626-4dc6-860d-69b171b89805.png,74,77,6x6x1,RGBA,straight,decoder_BGRA_to_PNG_RGBA,,,,28ee7572ca999b50331331f3a8a5706cc2fe6370ebb6741ce2c597eb94423363
291,release/remote/extraRes/native/7d/7d5ffd3f-ac66-4381-995a-15f7ba0cb954.e96f3.astc,7d5ffd3f-ac66-4381-995a-15f7ba0cb954,release/remote/extraRes/import/7d/7d5ffd3f-ac66-4381-995a-15f7ba0cb954.19fac.json,,0291_asset__7d5ffd3f-ac66-4381-995a-15f7ba0cb954.png,166,86,6x6x1,RGBA,straight,decoder_BGRA_to_PNG_RGBA,,,,3813f76de19e8f4caaf1bd2d1deb1f631e384917d5f11d4ec3f3fd41fae0c491
292,release/remote/extraRes/native/7d/7d40b06e-49df-4908-98f7-d53da74d24e2.04d38.astc,7d40b06e-49df-4908-98f7-d53da74d24e2,release/remote/extraRes/import/7d/7d40b06e-49df-4908-98f7-d53da74d24e2.19fac.json,,0292_asset__7d40b06e-49df-4908-98f7-d53da74d24e2.png,38,111,6x6x1,RGBA,straight,decoder_BGRA_to_PNG_RGBA,,,,4ce051c2296099a962b4b83e6e14bdd65c7c20d497403405f7e4b77a45eec951
293,release/remote/extraRes/native/7c/7cb3d9a2-9f67-42d2-86ec-c04bd90c8f45.6bef6.astc,7cb3d9a2-9f67-42d2-86ec-c04bd90c8f45,release/remote/extraRes/import/7c/7cb3d9a2-9f67-42d2-86ec-c04bd90c8f45.19fac.json,,0293_asset__7cb3d9a2-9f67-42d2-86ec-c04bd90c8f45.png,984,275,6x6x1,RGBA,straight,decoder_BGRA_to_PNG_RGBA,,,,d96d7189a27f8e79abd884560f42e247e99ef4e770054aa41a390ff1a1ecd72f
294,release/remote/extraRes/native/7b/7be8b2b6-0dea-4af7-b6b2-2b0815ac2f97.78272.astc,7be8b2b6-0dea-4af7-b6b2-2b0815ac2f97,release/remote/extraRes/import/7b/7be8b2b6-0dea-4af7-b6b2-2b0815ac2f97.19fac.json,,0294_asset__7be8b2b6-0dea-4af7-b6b2-2b0815ac2f97.png,118,30,6x6x1,RGBA,straight,decoder_BGRA_to_PNG_RGBA,,,,7d69758f80ea2af5ceec83d7a0cf3b01047ecf0c9026dcbf489dcb9f252f56b8
295,release/remote/extraRes/native/7a/7a022a5e-8ee3-447c-b111-7a0f523e2acc.084bb.astc,7a022a5e-8ee3-447c-b111-7a0f523e2acc,release/remote/extraRes/import/7a/7a022a5e-8ee3-447c-b111-7a0f523e2acc.19fac.json,,0295_asset__7a022a5e-8ee3-447c-b111-7a0f523e2acc.png,31,35,6x6x1,RGBA,straight,decoder_BGRA_to_PNG_RGBA,,,,605540d5ea8bfaade9426b2c3c4a97753b5fe7889e2227ebb5ce1896eb89a474
296,release/remote/extraRes/native/79/7973ad00-e62d-4a73-87ee-8d52c4df2daa.364f5.astc,7973ad00-e62d-4a73-87ee-8d52c4df2daa,release/remote/extraRes/import/79/7973ad00-e62d-4a73-87ee-8d52c4df2daa.19fac.json,,0296_asset__7973ad00-e62d-4a73-87ee-8d52c4df2daa.png,140,146,6x6x1,RGBA,straight,decoder_BGRA_to_PNG_RGBA,,,,b30b8bbfc3d3b2760e8b4a06d8272a9f5b9d30c851daaab597b870bd7b0c4bfe
297,release/remote/extraRes/native/78/7862a815-d255-4c20-ab06-e5d0118f5fc3.fbe48.astc,7862a815-d255-4c20-ab06-e5d0118f5fc3,release/remote/extraRes/import/78/7862a815-d255-4c20-ab06-e5d0118f5fc3.19fac.json,,0297_asset__7862a815-d255-4c20-ab06-e5d0118f5fc3.png,99,47,6x6x1,RGBA,straight,decoder_BGRA_to_PNG_RGBA,,,,51e660c51b875f81df2e72fe4701c90d49089a1d14627e90f721f9947b455835
298,release/remote/extraRes/native/77/7790917f-677a-4ccc-b029-88e782bc452e.ade1c.astc,7790917f-677a-4ccc-b029-88e782bc452e,release/remote/extraRes/import/77/7790917f-677a-4ccc-b029-88e782bc452e%40f9941.81f31.json,icon_skin_barrier,0298_icon_skin_barrier__7790917f-677a-4ccc-b029-88e782bc452e.png,100,100,6x6x1,RGBA,straight,decoder_BGRA_to_PNG_RGBA,False,"{'x': 15, 'y': 11, 'width': 70, 'height': 80}","{'width': 100, 'height': 100}",ecdd435c33d45fc161e283e75e0413edbf291d218d6217bc313fcd45e10e78c6
299,release/remote/extraRes/native/73/73fbc668-ffe1-4b5e-9090-b5d72afaa355.2b0a9.astc,73fbc668-ffe1-4b5e-9090-b5d72afaa355,release/remote/extraRes/import/73/73fbc668-ffe1-4b5e-9090-b5d72afaa355%40f9941.b19f0.json,icon_skin_house_7,0299_icon_skin_house_7__73fbc668-ffe1-4b5e-9090-b5d72afaa355.png,100,100,6x6x1,RGBA,straight,decoder_BGRA_to_PNG_RGBA,False,"{'x': 1, 'y': 10, 'width': 99, 'height': 73}","{'width': 100, 'height': 100}",e527f997bb54e5cf1ed245f98d79908c231d796852e639ef9e00315778feddd8
300,release/remote/extraRes/native/72/72b6b7c9-8916-401b-8faf-99303b7a9d38.23060.astc,72b6b7c9-8916-401b-8faf-99303b7a9d38,release/remote/extraRes/import/72/72b6b7c9-8916-401b-8faf-99303b7a9d38.19fac.json,,0300_asset__72b6b7c9-8916-401b-8faf-99303b7a9d38.png,31,35,6x6x1,RGBA,straight,decoder_BGRA_to_PNG_RGBA,,,,37df44194e79838afd58998121609b39a92ef301dae6cbfe673ab685cf73f4d6
301,release/remote/extraRes/native/71/71307ee9-ef80-4937-bf0b-39d368d6a6fb.0da81.astc,71307ee9-ef80-4937-bf0b-39d368d6a6fb,release/remote/extraRes/import/71/71307ee9-ef80-4937-bf0b-39d368d6a6fb.19fac.json,,0301_asset__71307ee9-ef80-4937-bf0b-39d368d6a6fb.png,24,58,6x6x1,RGBA,straight,decoder_BGRA_to_PNG_RGBA,,,,a2038d8ee6607cf676d7e99143297490f75c35647966352eded1b4ac671a0b42
302,release/remote/extraRes/native/6e/6e88bfe3-783d-4215-a6fa-a3d21043182e.d7180.astc,6e88bfe3-783d-4215-a6fa-a3d21043182e,release/remote/extraRes/import/6e/6e88bfe3-783d-4215-a6fa-a3d21043182e.19fac.json,,0302_asset__6e88bfe3-783d-4215-a6fa-a3d21043182e.png,100,96,6x6x1,RGBA,straight,decoder_BGRA_to_PNG_RGBA,,,,e8375274629d55f1755d2170b9d1be62235115429c24112d7108dc6feda90d61
303,release/remote/extraRes/native/6e/6e224619-7ade-4ce8-ace3-3511af8f82f0.dcb54.astc,6e224619-7ade-4ce8-ace3-3511af8f82f0,release/remote/extraRes/import/6e/6e224619-7ade-4ce8-ace3-3511af8f82f0%40f9941.2c73b.json,icon_nameplate_saiji_2,0303_icon_nameplate_saiji_2__6e224619-7ade-4ce8-ace3-3511af8f82f0.png,100,100,6x6x1,RGBA,straight,decoder_BGRA_to_PNG_RGBA,False,"{'x': 6, 'y': 22, 'width': 88, 'height': 56}","{'width': 100, 'height': 100}",f8e46fc13ce01fdf235d56c828b7b4f846675287056f3fb93903639d7a5f7cae
304,release/remote/extraRes/native/6d/6d858cca-fd03-4fcd-8f47-c66525faf04a.828f5.astc,6d858cca-fd03-4fcd-8f47-c66525faf04a,release/remote/extraRes/import/6d/6d858cca-fd03-4fcd-8f47-c66525faf04a.19fac.json,,0304_asset__6d858cca-fd03-4fcd-8f47-c66525faf04a.png,55,36,6x6x1,RGBA,straight,decoder_BGRA_to_PNG_RGBA,,,,c00eb1c8a1b90b64eb935c0cc8750f9287fd342cc330ef109917a70808684af9
305,release/remote/extraRes/native/6d/6d4d4d6c-260e-4968-bfe5-e2dff571807f.2cab0.astc,6d4d4d6c-260e-4968-bfe5-e2dff571807f,release/remote/extraRes/import/6d/6d4d4d6c-260e-4968-bfe5-e2dff571807f%40f9941.25a90.json,icon_skin_fence_1,0305_icon_skin_fence_1__6d4d4d6c-260e-4968-bfe5-e2dff571807f.png,100,100,6x6x1,RGBA,straight,decoder_BGRA_to_PNG_RGBA,False,"{'x': 1, 'y': 15, 'width': 99, 'height': 70}","{'width': 100, 'height': 100}",3d8b0a4aeffbd88ab342d28e22dbeafba6ef7d3cdd461b45085ccb2df0bf1bce
306,release/remote/extraRes/native/6c/6ceab2b5-7d15-4b66-acfa-f177d779fb06.c65f9.astc,6ceab2b5-7d15-4b66-acfa-f177d779fb06,release/remote/extraRes/import/6c/6ceab2b5-7d15-4b66-acfa-f177d779fb06.19fac.json,,0306_asset__6ceab2b5-7d15-4b66-acfa-f177d779fb06.png,256,256,6x6x1,RGBA,straight,decoder_BGRA_to_PNG_RGBA,,,,9c1ee3919dce745ce9963735a305091fdc679f5ff9627ad3394a52c0875d117c
307,release/remote/extraRes/native/6c/6c837a4a-2155-4805-bbd2-468c79bf6dbd.dd5dd.astc,6c837a4a-2155-4805-bbd2-468c79bf6dbd,release/remote/extraRes/import/6c/6c837a4a-2155-4805-bbd2-468c79bf6dbd.19fac.json,,0307_asset__6c837a4a-2155-4805-bbd2-468c79bf6dbd.png,167,16,6x6x1,RGBA,straight,decoder_BGRA_to_PNG_RGBA,,,,95239daf7c134d292088456d12824a806fa30dd775a5724858d46c0dff38f86b
308,release/remote/extraRes/native/6c/6c234afa-2e71-4cf5-987d-d6718c166ab5.a61b1.astc,6c234afa-2e71-4cf5-987d-d6718c166ab5,release/remote/extraRes/import/6c/6c234afa-2e71-4cf5-987d-d6718c166ab5%40f9941.cd65e.json,icon_skin_tower_2,0308_icon_skin_tower_2__6c234afa-2e71-4cf5-987d-d6718c166ab5.png,100,100,6x6x1,RGBA,straight,decoder_BGRA_to_PNG_RGBA,False,"{'x': 4, 'y': 9, 'width': 93, 'height': 83}","{'width': 100, 'height': 100}",2adc3d01010056faa91fbca4a26638697eed3f7ed14a136459d5fd4eb418c08b
309,release/remote/extraRes/native/6b/6b7e29d1-13be-4161-b016-b77c5de7870d.d67cf.astc,6b7e29d1-13be-4161-b016-b77c5de7870d,release/remote/extraRes/import/6b/6b7e29d1-13be-4161-b016-b77c5de7870d.19fac.json,,0309_asset__6b7e29d1-13be-4161-b016-b77c5de7870d.png,1024,1024,6x6x1,RGBA,straight,decoder_BGRA_to_PNG_RGBA,,,,2849d259e8b4287308f5b4f06b6e0d1c8583e1fb2dc45feae205eb8a892871e1
310,release/remote/extraRes/native/6a/6afa91bd-45b4-44a0-93de-1cb44ff89fb2.7ffe0.astc,6afa91bd-45b4-44a0-93de-1cb44ff89fb2,release/remote/extraRes/import/6a/6afa91bd-45b4-44a0-93de-1cb44ff89fb2.19fac.json,,0310_asset__6afa91bd-45b4-44a0-93de-1cb44ff89fb2.png,57,58,6x6x1,RGBA,straight,decoder_BGRA_to_PNG_RGBA,,,,a39f8421d8b47528e2f9eada700ee341a403efe4c2b52d2a9e2134d550262db6
311,release/remote/extraRes/native/6a/6a6a05d5-d18a-46a0-97b5-4de5b8ad8eac.64489.astc,6a6a05d5-d18a-46a0-97b5-4de5b8ad8eac,release/remote/extraRes/import/6a/6a6a05d5-d18a-46a0-97b5-4de5b8ad8eac%40f9941.0d2e2.json,icon_skin_tower_3,0311_icon_skin_tower_3__6a6a05d5-d18a-46a0-97b5-4de5b8ad8eac.png,100,100,6x6x1,RGBA,straight,decoder_BGRA_to_PNG_RGBA,False,"{'x': 16, 'y': 2, 'width': 67, 'height': 93}","{'width': 100, 'height': 100}",e30798acccf11fbf2c879f54077b7ff71b42650b0faed0710f5f4418f45e3c82
312,release/remote/extraRes/native/69/69e56994-8af8-4604-bad7-d8f75524cfb4.5cddc.astc,69e56994-8af8-4604-bad7-d8f75524cfb4,release/remote/extraRes/import/69/69e56994-8af8-4604-bad7-d8f75524cfb4%40f9941.07bf1.json,icon_skin_road_5,0312_icon_skin_road_5__69e56994-8af8-4604-bad7-d8f75524cfb4.png,100,100,6x6x1,RGBA,straight,decoder_BGRA_to_PNG_RGBA,False,"{'x': 2, 'y': 19, 'width': 97, 'height': 65}","{'width': 100, 'height': 100}",2beb8f77f5d514e1f1af1be467b04dd523cd7efa36fd8a364aec7aec0fb5240f
313,release/remote/extraRes/native/69/6918cac0-543e-4e00-8fd4-c5e857a7a87d.b11aa.astc,6918cac0-543e-4e00-8fd4-c5e857a7a87d,release/remote/extraRes/import/69/6918cac0-543e-4e00-8fd4-c5e857a7a87d.19fac.json,,0313_asset__6918cac0-543e-4e00-8fd4-c5e857a7a87d.png,190,295,6x6x1,RGBA,straight,decoder_BGRA_to_PNG_RGBA,,,,8d857992b398a9ba767e5099df0dcb02482e9d63cf324cd86e6ec217adacb2f2
314,release/remote/extraRes/native/68/68eb9547-4bfb-4f51-9262-4751daa25685.4c903.astc,68eb9547-4bfb-4f51-9262-4751daa25685,release/remote/extraRes/import/68/68eb9547-4bfb-4f51-9262-4751daa25685%40f9941.1e82c.json,icon_skin_fence_2,0314_icon_skin_fence_2__68eb9547-4bfb-4f51-9262-4751daa25685.png,100,100,6x6x1,RGBA,straight,decoder_BGRA_to_PNG_RGBA,False,"{'x': 10, 'y': 4, 'width': 81, 'height': 92}","{'width': 100, 'height': 100}",108a21a31ffa27e69d5f6b9d653b7280c97fdc5f021caab44a475a1a01d8179d
315,release/remote/extraRes/native/68/689e852a-751e-4cba-813a-76757f0d5918.c0687.astc,689e852a-751e-4cba-813a-76757f0d5918,release/remote/extraRes/import/68/689e852a-751e-4cba-813a-76757f0d5918%40f9941.90832.json,icon_skin_road_2,0315_icon_skin_road_2__689e852a-751e-4cba-813a-76757f0d5918.png,100,100,6x6x1,RGBA,straight,decoder_BGRA_to_PNG_RGBA,False,"{'x': 2, 'y': 17, 'width': 97, 'height': 66}","{'width': 100, 'height': 100}",ea15cf815315067bbef59331d2975380017e5ce6ed30c1171bc77b385632427f
316,release/remote/extraRes/native/68/685fcd63-50a8-4eeb-9a09-53b164c8e07f.4a1e2.astc,685fcd63-50a8-4eeb-9a09-53b164c8e07f,release/remote/extraRes/import/68/685fcd63-50a8-4eeb-9a09-53b164c8e07f%40f9941.544af.json,icon_skin_board_3,0316_icon_skin_board_3__685fcd63-50a8-4eeb-9a09-53b164c8e07f.png,100,100,6x6x1,RGBA,straight,decoder_BGRA_to_PNG_RGBA,False,"{'x': 14, 'y': 2, 'width': 71, 'height': 97}","{'width': 100, 'height': 100}",8025bfba75fc7d05ec40f0fd82a148913cb27e49df64b948034e1f5881888fee
317,release/remote/extraRes/native/67/67c0168f-8dd8-4a25-9fc6-806494afaa67.2c432.astc,67c0168f-8dd8-4a25-9fc6-806494afaa67,release/remote/extraRes/import/67/67c0168f-8dd8-4a25-9fc6-806494afaa67%40f9941.0398a.json,img_avatar_S2_2,0317_img_avatar_S2_2__67c0168f-8dd8-4a25-9fc6-806494afaa67.png,128,128,6x6x1,RGBA,straight,decoder_BGRA_to_PNG_RGBA,False,"{'x': 6, 'y': 12, 'width': 109, 'height': 107}","{'width': 128, 'height': 128}",c67a3457e57ed1511cc124d48d74a044d76ebda00eb0647ea1d3407e43021a5b
318,release/remote/extraRes/native/66/66e6b686-e42a-4a34-91f6-a9813e412e71.c45c0.astc,66e6b686-e42a-4a34-91f6-a9813e412e71,release/remote/extraRes/import/66/66e6b686-e42a-4a34-91f6-a9813e412e71%40f9941.444d3.json,item_dog_icon_11,0318_item_dog_icon_11__66e6b686-e42a-4a34-91f6-a9813e412e71.png,140,140,6x6x1,RGBA,straight,decoder_BGRA_to_PNG_RGBA,False,"{'x': 22, 'y': 14, 'width': 94, 'height': 105}","{'width': 140, 'height': 140}",c40f91711b94c307e31e23bdcdc8ed057d6ce5828ed9cc4fbdcc34511ffc3a6e
319,release/remote/extraRes/native/66/66c99f1e-44c7-4ab6-b934-14783b7961a8.34fd9.astc,66c99f1e-44c7-4ab6-b934-14783b7961a8,release/remote/extraRes/import/66/66c99f1e-44c7-4ab6-b934-14783b7961a8.19fac.json,,0319_asset__66c99f1e-44c7-4ab6-b934-14783b7961a8.png,51,51,6x6x1,RGBA,straight,decoder_BGRA_to_PNG_RGBA,,,,aa18d0a87cf58034a9ae1c20a53f7666d82313a17a0d9847de68c7f7923d1dd6
320,release/remote/extraRes/native/65/65aa9b14-7118-446e-b852-29a9eb86acdb.7bd2c.astc,65aa9b14-7118-446e-b852-29a9eb86acdb,release/remote/extraRes/import/65/65aa9b14-7118-446e-b852-29a9eb86acdb.19fac.json,,0320_asset__65aa9b14-7118-446e-b852-29a9eb86acdb.png,51,51,6x6x1,RGBA,straight,decoder_BGRA_to_PNG_RGBA,,,,6776a5733a419b6f419e5ea5bb0721219f4061e1b6e5dc6eea1e38601c1a1de9
321,release/remote/extraRes/native/64/64affa58-fb66-4b80-b9ab-2e7871538fe2.7b61c.astc,64affa58-fb66-4b80-b9ab-2e7871538fe2,release/remote/extraRes/import/64/64affa58-fb66-4b80-b9ab-2e7871538fe2%40f9941.cc780.json,icon_skin_doghouse_4,0321_icon_skin_doghouse_4__64affa58-fb66-4b80-b9ab-2e7871538fe2.png,100,100,6x6x1,RGBA,straight,decoder_BGRA_to_PNG_RGBA,False,"{'x': 2, 'y': 14, 'width': 96, 'height': 72}","{'width': 100, 'height': 100}",f58049bc75e632aac7e5d0b9ecac815e57b3750f46048ae81ffa3f57f2504050
322,release/remote/extraRes/native/63/636905f9-ff9e-47de-81e2-7ae2984710b6.2f880.astc,636905f9-ff9e-47de-81e2-7ae2984710b6,release/remote/extraRes/import/63/636905f9-ff9e-47de-81e2-7ae2984710b6%40f9941.97c3f.json,icon_skin_house_5,0322_icon_skin_house_5__636905f9-ff9e-47de-81e2-7ae2984710b6.png,100,100,6x6x1,RGBA,straight,decoder_BGRA_to_PNG_RGBA,False,"{'x': 4, 'y': 9, 'width': 90, 'height': 85}","{'width': 100, 'height': 100}",618b4e90f158723a1c7b4a4c81da49da8667911d7ef24f2f44ccbdc23ad7a2b7
323,release/remote/extraRes/native/62/62bea37c-fb33-4a48-8309-7b7a52c6082f.7f9f0.astc,62bea37c-fb33-4a48-8309-7b7a52c6082f,release/remote/extraRes/import/62/62bea37c-fb33-4a48-8309-7b7a52c6082f%40f9941.4f050.json,moon,0323_moon__62bea37c-fb33-4a48-8309-7b7a52c6082f.png,44,44,6x6x1,RGBA,straight,decoder_BGRA_to_PNG_RGBA,False,"{'x': 0, 'y': 0, 'width': 44, 'height': 44}","{'width': 44, 'height': 44}",2958246b2f4118d3bc33408d3a019511bc15bd7af73d5d1f89d7e0c2ad9249cb
324,release/remote/extraRes/native/62/620fc486-95e9-40a7-8508-9f97606e9c92.f87ed.astc,620fc486-95e9-40a7-8508-9f97606e9c92,release/remote/extraRes/import/62/620fc486-95e9-40a7-8508-9f97606e9c92.19fac.json,,0324_asset__620fc486-95e9-40a7-8508-9f97606e9c92.png,116,94,6x6x1,RGBA,straight,decoder_BGRA_to_PNG_RGBA,,,,8397bdf03234ba2274dc7aa0f7aaf5396078c0c9e78e9a6aac1b64f8c50fd48b
325,release/remote/extraRes/native/5f/5f9261c5-5116-4f9f-864b-1752d1513db6.f477e.astc,5f9261c5-5116-4f9f-864b-1752d1513db6,release/remote/extraRes/import/5f/5f9261c5-5116-4f9f-864b-1752d1513db6.19fac.json,,0325_asset__5f9261c5-5116-4f9f-864b-1752d1513db6.png,332,87,6x6x1,RGBA,straight,decoder_BGRA_to_PNG_RGBA,,,,edca0d68a8fe3771c34bc7b2e9739adb2896cc9d6cfaf4c4a2140fce6d7381f5
326,release/remote/extraRes/native/5e/5ef823fb-7094-4b3f-88b5-6596b66d77b0.86c81.astc,5ef823fb-7094-4b3f-88b5-6596b66d77b0,release/remote/extraRes/import/5e/5ef823fb-7094-4b3f-88b5-6596b66d77b0%40f9941.be988.json,box_open,0326_box_open__5ef823fb-7094-4b3f-88b5-6596b66d77b0.png,128,128,6x6x1,RGBA,straight,decoder_BGRA_to_PNG_RGBA,False,"{'x': 23, 'y': 20, 'width': 90, 'height': 87}","{'width': 128, 'height': 128}",1f06ba96ea945bd29ca566847ab4e8993ca1f04361d441d741b2712463477ce5
327,release/remote/extraRes/native/5e/5eccfccd-749b-4ef5-8d7c-4799ed057d70.8a08a.astc,5eccfccd-749b-4ef5-8d7c-4799ed057d70,release/remote/extraRes/import/5e/5eccfccd-749b-4ef5-8d7c-4799ed057d70.19fac.json,,0327_asset__5eccfccd-749b-4ef5-8d7c-4799ed057d70.png,1024,512,6x6x1,RGBA,straight,decoder_BGRA_to_PNG_RGBA,,,,3cc46f1d703ff1f0f54c93a50839e521b529d0ec388787e094a4f5a47b167c0a
328,release/remote/extraRes/native/5e/5ec86735-f25d-4b7a-9c00-b9fe3cf3d2e2.792df.astc,5ec86735-f25d-4b7a-9c00-b9fe3cf3d2e2,release/remote/extraRes/import/5e/5ec86735-f25d-4b7a-9c00-b9fe3cf3d2e2.19fac.json,,0328_asset__5ec86735-f25d-4b7a-9c00-b9fe3cf3d2e2.png,599,186,6x6x1,RGBA,straight,decoder_BGRA_to_PNG_RGBA,,,,5efc76a0709596969753d8bcd4132fa4c3a5acebd71a5f45ef19912d2f5ba449
329,release/remote/extraRes/native/5d/5de556f3-cf1b-4112-a965-3dc2c280d77c.cc6ad.astc,5de556f3-cf1b-4112-a965-3dc2c280d77c,release/remote/extraRes/import/5d/5de556f3-cf1b-4112-a965-3dc2c280d77c.19fac.json,,0329_asset__5de556f3-cf1b-4112-a965-3dc2c280d77c.png,680,891,6x6x1,RGBA,straight,decoder_BGRA_to_PNG_RGBA,,,,e9a9f9d716a8ec418f62a518068db6f3c8da0f2f2de06fa3fb36f14f7b3e961e
330,release/remote/extraRes/native/5d/5dc6f298-3712-47fd-b2e9-42f676e60128.2e8b6.astc,5dc6f298-3712-47fd-b2e9-42f676e60128,release/remote/extraRes/import/5d/5dc6f298-3712-47fd-b2e9-42f676e60128.19fac.json,,0330_asset__5dc6f298-3712-47fd-b2e9-42f676e60128.png,256,256,6x6x1,RGBA,straight,decoder_BGRA_to_PNG_RGBA,,,,cdfcf62a99fad22720100cb37525f40faee53eae487411ff91a5daaf6ec1777b
331,release/remote/extraRes/native/5d/5da64c52-5bde-44c5-8bfa-a99008277ec9.38986.astc,5da64c52-5bde-44c5-8bfa-a99008277ec9,release/remote/extraRes/import/5d/5da64c52-5bde-44c5-8bfa-a99008277ec9.19fac.json,,0331_asset__5da64c52-5bde-44c5-8bfa-a99008277ec9.png,54,26,6x6x1,RGBA,straight,decoder_BGRA_to_PNG_RGBA,,,,a541fbaad34d9db68a8ef14b827be3bf1e998fa29947767b11d41eca573bc198
332,release/remote/extraRes/native/5b/5ba87234-1a59-44c0-94fe-88fc3a205167.b9c12.astc,5ba87234-1a59-44c0-94fe-88fc3a205167,release/remote/extraRes/import/5b/5ba87234-1a59-44c0-94fe-88fc3a205167%40f9941.1c7bb.json,icon_skin_doghouse_6,0332_icon_skin_doghouse_6__5ba87234-1a59-44c0-94fe-88fc3a205167.png,100,100,6x6x1,RGBA,straight,decoder_BGRA_to_PNG_RGBA,False,"{'x': 9, 'y': 10, 'width': 86, 'height': 80}","{'width': 100, 'height': 100}",4b632604ae659567733f7c4d5425ffcc76f3a027679b3fc079ed31b3b01077b6
333,release/remote/extraRes/native/5b/5b6e11c0-75d2-49a5-96d7-8433d6694c0e.9f1ec.astc,5b6e11c0-75d2-49a5-96d7-8433d6694c0e,release/remote/extraRes/import/5b/5b6e11c0-75d2-49a5-96d7-8433d6694c0e%40f9941.77854.json,icon_feterlize8,0333_icon_feterlize8__5b6e11c0-75d2-49a5-96d7-8433d6694c0e.png,100,100,6x6x1,RGBA,straight,decoder_BGRA_to_PNG_RGBA,False,"{'x': 0, 'y': 7, 'width': 97, 'height': 89}","{'width': 100, 'height': 100}",6853e4adad61118b28529e10ce317caefe457703846b890adeca6e7e097f612c
334,release/remote/extraRes/native/5b/5b171125-9b1f-4ce8-8f87-4b14c1b60b22.0355b.astc,5b171125-9b1f-4ce8-8f87-4b14c1b60b22,release/remote/extraRes/import/5b/5b171125-9b1f-4ce8-8f87-4b14c1b60b22.19fac.json,,0334_asset__5b171125-9b1f-4ce8-8f87-4b14c1b60b22.png,654,134,6x6x1,RGBA,straight,decoder_BGRA_to_PNG_RGBA,,,,d3bbd70f7db0eb676f1c23aa57187512538c7a57140ef79dd6fba3226b16c395
335,release/remote/extraRes/native/5a/5af45e12-c7bb-4645-b99f-a3834adb411e.72b07.astc,5af45e12-c7bb-4645-b99f-a3834adb411e,release/remote/extraRes/import/5a/5af45e12-c7bb-4645-b99f-a3834adb411e%40f9941.f1176.json,icon_skin_road_7,0335_icon_skin_road_7__5af45e12-c7bb-4645-b99f-a3834adb411e.png,100,100,6x6x1,RGBA,straight,decoder_BGRA_to_PNG_RGBA,False,"{'x': 2, 'y': 20, 'width': 96, 'height': 61}","{'width': 100, 'height': 100}",56bb27c5e6ff8ce184ea6379132d6a402134346ad91c44cd89a28a5b1663f46d
336,release/remote/extraRes/native/59/59c10f2c-9d57-4c8c-8fd8-50a55a9b16c0.13418.astc,59c10f2c-9d57-4c8c-8fd8-50a55a9b16c0,release/remote/extraRes/import/59/59c10f2c-9d57-4c8c-8fd8-50a55a9b16c0%40f9941.25529.json,icon_skin_house,0336_icon_skin_house__59c10f2c-9d57-4c8c-8fd8-50a55a9b16c0.png,100,100,6x6x1,RGBA,straight,decoder_BGRA_to_PNG_RGBA,False,"{'x': 2, 'y': 7, 'width': 96, 'height': 86}","{'width': 100, 'height': 100}",8dcdbba84a7aa35b3930514e72f69222ac3c241a439754bf5829e230b9a3e6b9
337,release/remote/extraRes/native/59/59ae44f7-2222-412c-9afc-66dcfb0b7d88.abb9b.astc,59ae44f7-2222-412c-9afc-66dcfb0b7d88,release/remote/extraRes/import/59/59ae44f7-2222-412c-9afc-66dcfb0b7d88.19fac.json,,0337_asset__59ae44f7-2222-412c-9afc-66dcfb0b7d88.png,100,100,6x6x1,RGBA,straight,decoder_BGRA_to_PNG_RGBA,,,,08e694cc97c0c212ac54e4f0e5f1009d32a2a644742a3e77113a21c9ff40e296
338,release/remote/extraRes/native/57/57a837f7-0f37-4998-a055-da75c2559423.90ed9.astc,57a837f7-0f37-4998-a055-da75c2559423,release/remote/extraRes/import/57/57a837f7-0f37-4998-a055-da75c2559423%40f9941.51d90.json,icon_skin_tower_2_1,0338_icon_skin_tower_2_1__57a837f7-0f37-4998-a055-da75c2559423.png,100,100,6x6x1,RGBA,straight,decoder_BGRA_to_PNG_RGBA,False,"{'x': 4, 'y': 9, 'width': 93, 'height': 83}","{'width': 100, 'height': 100}",9a0a19cf8a92ee69e4c7a0480da48dec7f37e579d95bf7eea7f92341bf30270b
339,release/remote/extraRes/native/56/5629af08-dd8a-42d7-8397-50d17cc6e146.39539.astc,5629af08-dd8a-42d7-8397-50d17cc6e146,release/remote/extraRes/import/56/5629af08-dd8a-42d7-8397-50d17cc6e146%40f9941.713f5.json,img_dog_skill1,0339_img_dog_skill1__5629af08-dd8a-42d7-8397-50d17cc6e146.png,60,62,6x6x1,RGBA,straight,decoder_BGRA_to_PNG_RGBA,False,"{'x': 0, 'y': 0, 'width': 60, 'height': 62}","{'width': 60, 'height': 62}",948fe7bc5d9d73ef07dc91bfcc83ddf6bdf5b4ddfb02ef1cd2919231536c6b27
340,release/remote/extraRes/native/4f/4fc90102-99fa-4419-90db-47c20ac3b86d.918d4.astc,4fc90102-99fa-4419-90db-47c20ac3b86d,release/remote/extraRes/import/4f/4fc90102-99fa-4419-90db-47c20ac3b86d.19fac.json,,0340_asset__4fc90102-99fa-4419-90db-47c20ac3b86d.png,332,87,6x6x1,RGBA,straight,decoder_BGRA_to_PNG_RGBA,,,,ea5a8d71bbf75ef7882a8f0cd1093f2c8c178524282b6b7a363fa73e4966d06f
341,release/remote/extraRes/native/4f/4f27b8e9-f294-4d0b-88f7-9b1d9a87657f.f0cb9.astc,4f27b8e9-f294-4d0b-88f7-9b1d9a87657f,release/remote/extraRes/import/4f/4f27b8e9-f294-4d0b-88f7-9b1d9a87657f%40f9941.93df0.json,img_avatar_saiji_2,0341_img_avatar_saiji_2__4f27b8e9-f294-4d0b-88f7-9b1d9a87657f.png,128,128,6x6x1,RGBA,straight,decoder_BGRA_to_PNG_RGBA,False,"{'x': 7, 'y': 10, 'width': 108, 'height': 105}","{'width': 128, 'height': 128}",7cd7c9e9464b3d32101164a625a8c24b149ab268bb794a3cc5412ff43bf261ce
342,release/remote/extraRes/native/4e/4e9aeeb5-01e1-4e57-b8f6-da92058df2ab.ea97d.astc,4e9aeeb5-01e1-4e57-b8f6-da92058df2ab,release/remote/extraRes/import/4e/4e9aeeb5-01e1-4e57-b8f6-da92058df2ab.19fac.json,,0342_asset__4e9aeeb5-01e1-4e57-b8f6-da92058df2ab.png,31,35,6x6x1,RGBA,straight,decoder_BGRA_to_PNG_RGBA,,,,c2e84e6b0332e4a94a09f50af3fab28454826e262c6f954cc4a19fa50d50f508
343,release/remote/extraRes/native/4d/4dcbe595-5e0e-443f-91ac-36686459b0dc.c0b18.astc,4dcbe595-5e0e-443f-91ac-36686459b0dc,release/remote/extraRes/import/4d/4dcbe595-5e0e-443f-91ac-36686459b0dc.19fac.json,,0343_asset__4dcbe595-5e0e-443f-91ac-36686459b0dc.png,54,39,6x6x1,RGBA,straight,decoder_BGRA_to_PNG_RGBA,,,,2946c6ec3857cbf4a25d403643283271762677ad9e4476a165a2c63c6668c184
344,release/remote/extraRes/native/4d/4d7b4558-da5b-418e-9579-505ec3945d8f.4c0f4.astc,4d7b4558-da5b-418e-9579-505ec3945d8f,release/remote/extraRes/import/4d/4d7b4558-da5b-418e-9579-505ec3945d8f.19fac.json,,0344_asset__4d7b4558-da5b-418e-9579-505ec3945d8f.png,31,35,6x6x1,RGBA,straight,decoder_BGRA_to_PNG_RGBA,,,,2a9a293db820d509f54c1db7a10e6ed57e62aad76e144529124f2894d8d1dcb4
345,release/remote/extraRes/native/4d/4d499c0c-b2a0-47c1-9ba1-8c6d6e732566.1e660.astc,4d499c0c-b2a0-47c1-9ba1-8c6d6e732566,release/remote/extraRes/import/4d/4d499c0c-b2a0-47c1-9ba1-8c6d6e732566.19fac.json,,0345_asset__4d499c0c-b2a0-47c1-9ba1-8c6d6e732566.png,45,44,6x6x1,RGBA,straight,decoder_BGRA_to_PNG_RGBA,,,,7fea46d9eabac1fe86382c63770904ac4b48a224a6e0e8ac2af2fe749db0f3a6
346,release/remote/extraRes/native/4c/4ca841a3-d0d3-43b9-9783-2a97e7e7ba78.99a4a.astc,4ca841a3-d0d3-43b9-9783-2a97e7e7ba78,release/remote/extraRes/import/4c/4ca841a3-d0d3-43b9-9783-2a97e7e7ba78%40f9941.ce885.json,icon_skin_fence_5,0346_icon_skin_fence_5__4ca841a3-d0d3-43b9-9783-2a97e7e7ba78.png,100,100,6x6x1,RGBA,straight,decoder_BGRA_to_PNG_RGBA,False,"{'x': 10, 'y': 12, 'width': 81, 'height': 77}","{'width': 100, 'height': 100}",0c7d69a11394b215a96e07b85567cab7f217f054d15e42f0660ce165c770ab1e
347,release/remote/extraRes/native/4c/4c292ec2-763b-4986-98ad-d5248131eb55.7ae93.astc,4c292ec2-763b-4986-98ad-d5248131eb55,release/remote/extraRes/import/4c/4c292ec2-763b-4986-98ad-d5248131eb55.19fac.json,,0347_asset__4c292ec2-763b-4986-98ad-d5248131eb55.png,696,912,6x6x1,RGBA,straight,decoder_BGRA_to_PNG_RGBA,,,,5a1c0e84dc12f1c984d5421d238d12bb1448701ac6b15a712c7e039952f3ceb6
348,release/remote/extraRes/native/4c/4c1a527a-ea20-459e-90dd-d909fb01a0e9.6859e.astc,4c1a527a-ea20-459e-90dd-d909fb01a0e9,release/remote/extraRes/import/4c/4c1a527a-ea20-459e-90dd-d909fb01a0e9.19fac.json,,0348_asset__4c1a527a-ea20-459e-90dd-d909fb01a0e9.png,57,26,6x6x1,RGBA,straight,decoder_BGRA_to_PNG_RGBA,,,,1f14d89b82874e9ac9a314ff8d318f7bad18b7a1f691f67d00dcbec9ec9dc2ed
349,release/remote/extraRes/native/4a/4ac3fa44-c68d-4894-8f6d-7aacd7ebfb35.8eb07.astc,4ac3fa44-c68d-4894-8f6d-7aacd7ebfb35,release/remote/extraRes/import/4a/4ac3fa44-c68d-4894-8f6d-7aacd7ebfb35%40f9941.c0ac6.json,icon_skin_barrier_5,0349_icon_skin_barrier_5__4ac3fa44-c68d-4894-8f6d-7aacd7ebfb35.png,100,100,6x6x1,RGBA,straight,decoder_BGRA_to_PNG_RGBA,False,"{'x': 15, 'y': 12, 'width': 71, 'height': 77}","{'width': 100, 'height': 100}",6f1fea27bf6d439fd440fd4987bc89672205806df798805c180388fc62d3d716
350,release/remote/extraRes/native/49/49bae37f-cb04-41f8-91af-c0513729339e.21af7.astc,49bae37f-cb04-41f8-91af-c0513729339e,release/remote/extraRes/import/49/49bae37f-cb04-41f8-91af-c0513729339e.19fac.json,,0350_asset__49bae37f-cb04-41f8-91af-c0513729339e.png,282,87,6x6x1,RGBA,straight,decoder_BGRA_to_PNG_RGBA,,,,6489ae9cad38689fde3d6a688fa2ea45ce9069bf2fb7ddb9cc62af872e3c23b7
351,release/remote/extraRes/native/49/4979a9f5-9338-46c1-9650-dc2d96c1690d.149d0.astc,4979a9f5-9338-46c1-9650-dc2d96c1690d,release/remote/extraRes/import/49/4979a9f5-9338-46c1-9650-dc2d96c1690d.19fac.json,,0351_asset__4979a9f5-9338-46c1-9650-dc2d96c1690d.png,58,53,6x6x1,RGBA,straight,decoder_BGRA_to_PNG_RGBA,,,,65fb53b78539743225a907a1a9b65613288c4cef866c252fb165caf964422805
352,release/remote/extraRes/native/49/4974fdd8-8658-42e5-ab53-d187063e9215.073be.astc,4974fdd8-8658-42e5-ab53-d187063e9215,release/remote/extraRes/import/49/4974fdd8-8658-42e5-ab53-d187063e9215.19fac.json,,0352_asset__4974fdd8-8658-42e5-ab53-d187063e9215.png,720,926,6x6x1,RGBA,straight,decoder_BGRA_to_PNG_RGBA,,,,9b04886a3607f20b6c8d19e87d3bbf032a5de2cf75f1e7dc4c1444143cf86cc2
353,release/remote/extraRes/native/49/491621be-5672-4463-ae2c-543658b6506a.5ca7d.astc,491621be-5672-4463-ae2c-543658b6506a,release/remote/extraRes/import/49/491621be-5672-4463-ae2c-543658b6506a.19fac.json,,0353_asset__491621be-5672-4463-ae2c-543658b6506a.png,298,101,6x6x1,RGBA,straight,decoder_BGRA_to_PNG_RGBA,,,,24adf2c92503516815db4acb8944af349aa3442aae822b400df666ebd84ef66d
354,release/remote/extraRes/native/48/4879e6e8-5bb8-481a-bba0-3e0ba0bd9f76.7cec5.astc,4879e6e8-5bb8-481a-bba0-3e0ba0bd9f76,release/remote/extraRes/import/48/4879e6e8-5bb8-481a-bba0-3e0ba0bd9f76%40f9941.70c22.json,icon_football,0354_icon_football__4879e6e8-5bb8-481a-bba0-3e0ba0bd9f76.png,100,100,6x6x1,RGBA,straight,decoder_BGRA_to_PNG_RGBA,False,"{'x': 7, 'y': 8, 'width': 85, 'height': 84}","{'width': 100, 'height': 100}",54b6ee53bd3af90f63f74e5819994eca5aea8a5ae751259ceb863d16ba522bec
355,release/remote/extraRes/native/46/46a511dc-4b0b-4cd1-a999-101d9e169928.3d9c0.astc,46a511dc-4b0b-4cd1-a999-101d9e169928,release/remote/extraRes/import/46/46a511dc-4b0b-4cd1-a999-101d9e169928%40f9941.be369.json,icon_skin_board,0355_icon_skin_board__46a511dc-4b0b-4cd1-a999-101d9e169928.png,100,100,6x6x1,RGBA,straight,decoder_BGRA_to_PNG_RGBA,False,"{'x': 3, 'y': 9, 'width': 94, 'height': 82}","{'width': 100, 'height': 100}",c2151e33fdea5472de2fa2b1439ac0de536975bb1a4ee86b5f1a28d75575ce72
356,release/remote/extraRes/native/45/45f09bde-0eca-4553-b9bc-bfb66c6602a9.48b27.astc,45f09bde-0eca-4553-b9bc-bfb66c6602a9,release/remote/extraRes/import/45/45f09bde-0eca-4553-b9bc-bfb66c6602a9%40f9941.ad82f.json,icon_skin_fence_7,0356_icon_skin_fence_7__45f09bde-0eca-4553-b9bc-bfb66c6602a9.png,100,100,6x6x1,RGBA,straight,decoder_BGRA_to_PNG_RGBA,False,"{'x': 7, 'y': 18, 'width': 86, 'height': 64}","{'width': 100, 'height': 100}",0c349cc2663bc76cb2d06cb6bd0743153405f5b3f2cc50c69725ba5dbe76c877
357,release/remote/extraRes/native/44/44ed687b-bc98-4ea2-a7e0-5e97b8b62e24.4f10a.astc,44ed687b-bc98-4ea2-a7e0-5e97b8b62e24,release/remote/extraRes/import/44/44ed687b-bc98-4ea2-a7e0-5e97b8b62e24.19fac.json,,0357_asset__44ed687b-bc98-4ea2-a7e0-5e97b8b62e24.png,19,19,6x6x1,RGBA,straight,decoder_BGRA_to_PNG_RGBA,,,,7c2016ccf23d4d295e5f373d3fe78513173c2c0c4c3dd98178471ec13d19d3e2
358,release/remote/extraRes/native/44/44478603-169d-4717-b655-245f6a930c47.96e90.astc,44478603-169d-4717-b655-245f6a930c47,release/remote/extraRes/import/44/44478603-169d-4717-b655-245f6a930c47.19fac.json,,0358_asset__44478603-169d-4717-b655-245f6a930c47.png,31,35,6x6x1,RGBA,straight,decoder_BGRA_to_PNG_RGBA,,,,73385c30e57fa0821bf25579dd0f85bfcb8a43b1d87cdfe6ee1e47828ef728c9
359,release/remote/extraRes/native/42/42eed674-9a73-4c6c-92fe-fd518584f809.7ecfa.astc,42eed674-9a73-4c6c-92fe-fd518584f809,release/remote/extraRes/import/42/42eed674-9a73-4c6c-92fe-fd518584f809.19fac.json,,0359_asset__42eed674-9a73-4c6c-92fe-fd518584f809.png,22,19,6x6x1,RGBA,straight,decoder_BGRA_to_PNG_RGBA,,,,0cf4539984d5864e543a4cb8a87003c3b906357e05da247becb5154e86ca1b66
360,release/remote/extraRes/native/3d/3dedf6cd-da77-4cd7-bc89-80c746ebd584.b4f84.astc,3dedf6cd-da77-4cd7-bc89-80c746ebd584,release/remote/extraRes/import/3d/3dedf6cd-da77-4cd7-bc89-80c746ebd584.19fac.json,,0360_asset__3dedf6cd-da77-4cd7-bc89-80c746ebd584.png,324,79,6x6x1,RGBA,straight,decoder_BGRA_to_PNG_RGBA,,,,0bc80bb6eabff61a67f3f903e46cf15d63960cb291929ac93bc6fd1d0dfc6e44
361,release/remote/extraRes/native/3c/3ce653db-19a7-4ed4-9dfc-3b35603daccc.f0af6.astc,3ce653db-19a7-4ed4-9dfc-3b35603daccc,release/remote/extraRes/import/3c/3ce653db-19a7-4ed4-9dfc-3b35603daccc%40f9941.6284f.json,icon_skin_tower_3_1,0361_icon_skin_tower_3_1__3ce653db-19a7-4ed4-9dfc-3b35603daccc.png,100,100,6x6x1,RGBA,straight,decoder_BGRA_to_PNG_RGBA,False,"{'x': 13, 'y': 3, 'width': 75, 'height': 93}","{'width': 100, 'height': 100}",9fb58966cbe04f54feb03860d3c01c3d064cd58c50fdbc95fb1aedde4cb37c5f
362,release/remote/extraRes/native/3c/3c43aa4d-7cc0-4bf7-b6a9-bdffbec8b7a5.a4fcb.astc,3c43aa4d-7cc0-4bf7-b6a9-bdffbec8b7a5,release/remote/extraRes/import/3c/3c43aa4d-7cc0-4bf7-b6a9-bdffbec8b7a5%40f9941.156a5.json,icon_skin_warehouse_6,0362_icon_skin_warehouse_6__3c43aa4d-7cc0-4bf7-b6a9-bdffbec8b7a5.png,100,100,6x6x1,RGBA,straight,decoder_BGRA_to_PNG_RGBA,False,"{'x': 7, 'y': 12, 'width': 91, 'height': 76}","{'width': 100, 'height': 100}",7c795d71f953e55180c03a82777f4b75972c3e339006b7efd655bf9857b39cc6
363,release/remote/extraRes/native/3b/3ba22169-fd4f-4ce7-ac6c-71200cc1ec12.e0acc.astc,3ba22169-fd4f-4ce7-ac6c-71200cc1ec12,release/remote/extraRes/import/3b/3ba22169-fd4f-4ce7-ac6c-71200cc1ec12.19fac.json,,0363_asset__3ba22169-fd4f-4ce7-ac6c-71200cc1ec12.png,868,268,6x6x1,RGBA,straight,decoder_BGRA_to_PNG_RGBA,,,,0dc956c8fc74f2a437d50849afaca63ff9da35e90a132a8ef08b45d0d50e8a69
364,release/remote/extraRes/native/3b/3b72ca57-6195-40ab-9f38-dbc8d8266979.c2b04.astc,3b72ca57-6195-40ab-9f38-dbc8d8266979,release/remote/extraRes/import/3b/3b72ca57-6195-40ab-9f38-dbc8d8266979.19fac.json,,0364_asset__3b72ca57-6195-40ab-9f38-dbc8d8266979.png,31,35,6x6x1,RGBA,straight,decoder_BGRA_to_PNG_RGBA,,,,4f0b47ad12b482d88dffd85f8fa3a0df1895f1a2e9bfa53a01f472dc263db2df
365,release/remote/extraRes/native/3b/3b3520ea-efa3-4c40-b1ce-6bfd10728eee.a3acb.astc,3b3520ea-efa3-4c40-b1ce-6bfd10728eee,release/remote/extraRes/import/3b/3b3520ea-efa3-4c40-b1ce-6bfd10728eee%40f9941.0814d.json,icon_skin_tower_1_1,0365_icon_skin_tower_1_1__3b3520ea-efa3-4c40-b1ce-6bfd10728eee.png,100,100,6x6x1,RGBA,straight,decoder_BGRA_to_PNG_RGBA,False,"{'x': 14, 'y': 4, 'width': 73, 'height': 92}","{'width': 100, 'height': 100}",1f9553467a1a1b9237dedb2ee818e7af6324abf9e29d2dee3ad5fb1d33eaff2e
366,release/remote/extraRes/native/3b/3b2b813d-66b8-4d30-9903-034efd09008c.8a3d5.astc,3b2b813d-66b8-4d30-9903-034efd09008c,release/remote/extraRes/import/3b/3b2b813d-66b8-4d30-9903-034efd09008c.19fac.json,,0366_asset__3b2b813d-66b8-4d30-9903-034efd09008c.png,76,152,6x6x1,RGBA,straight,decoder_BGRA_to_PNG_RGBA,,,,d47f0eb398fd89fb3c998937a2022fd9fbe9028a9fb9d16a2da1669a8abd1e52
367,release/remote/extraRes/native/39/39f2bbff-f699-4e38-8c82-91debe6b1bc4.cac46.astc,39f2bbff-f699-4e38-8c82-91debe6b1bc4,release/remote/extraRes/import/39/39f2bbff-f699-4e38-8c82-91debe6b1bc4%40f9941.fef7a.json,icon_skin_warehouse_1,0367_icon_skin_warehouse_1__39f2bbff-f699-4e38-8c82-91debe6b1bc4.png,100,100,6x6x1,RGBA,straight,decoder_BGRA_to_PNG_RGBA,False,"{'x': 0, 'y': 19, 'width': 100, 'height': 65}","{'width': 100, 'height': 100}",c3b57aa6a8515016d9269f863b2d877f3d315c804968b9d43ffc02237a350735
368,release/remote/extraRes/native/39/39abc37f-04dc-4a1e-a2bd-b4d9d10507aa.3858d.astc,39abc37f-04dc-4a1e-a2bd-b4d9d10507aa,release/remote/extraRes/import/39/39abc37f-04dc-4a1e-a2bd-b4d9d10507aa%40f9941.8ead7.json,icon_skin_tower_1,0368_icon_skin_tower_1__39abc37f-04dc-4a1e-a2bd-b4d9d10507aa.png,100,100,6x6x1,RGBA,straight,decoder_BGRA_to_PNG_RGBA,False,"{'x': 14, 'y': 5, 'width': 72, 'height': 91}","{'width': 100, 'height': 100}",28629cd3d3e8a3e6d433897827cb31ff2e93cb1b7ea4fdfacfec7adebcc3aeb1
369,release/remote/extraRes/native/38/38e26cf4-97f3-4ae5-b65f-26b15df94d47.66a44.astc,38e26cf4-97f3-4ae5-b65f-26b15df94d47,release/remote/extraRes/import/38/38e26cf4-97f3-4ae5-b65f-26b15df94d47%40f9941.49a4a.json,box_default,0369_box_default__38e26cf4-97f3-4ae5-b65f-26b15df94d47.png,128,128,6x6x1,RGBA,straight,decoder_BGRA_to_PNG_RGBA,False,"{'x': 23, 'y': 29, 'width': 90, 'height': 79}","{'width': 128, 'height': 128}",9d02c19a9b4193f6a0d55bceee980a8dbc14358a1838522123b5a6a1cd732984
370,release/remote/extraRes/native/35/35927fa2-9f5a-4abe-b374-97f083568b56.168cb.astc,35927fa2-9f5a-4abe-b374-97f083568b56,release/remote/extraRes/import/35/35927fa2-9f5a-4abe-b374-97f083568b56.19fac.json,,0370_asset__35927fa2-9f5a-4abe-b374-97f083568b56.png,23,23,6x6x1,RGBA,straight,decoder_BGRA_to_PNG_RGBA,,,,e897f599ded2ddbf8f4d402d3b1ad759a9ddfa2b571052acf8926405e7536afa
371,release/remote/extraRes/native/34/34608bab-0ac4-4f39-9f06-6b1c11e262ad.382a2.astc,34608bab-0ac4-4f39-9f06-6b1c11e262ad,release/remote/extraRes/import/34/34608bab-0ac4-4f39-9f06-6b1c11e262ad.19fac.json,,0371_asset__34608bab-0ac4-4f39-9f06-6b1c11e262ad.png,31,35,6x6x1,RGBA,straight,decoder_BGRA_to_PNG_RGBA,,,,8cb6dc91321f5b3dd5b656357dc57243009b5f1b592ba08ba96cf0aa91997772
372,release/remote/extraRes/native/33/33e67f42-a66a-4793-b426-7a434617db75.f97ea.astc,33e67f42-a66a-4793-b426-7a434617db75,release/remote/extraRes/import/33/33e67f42-a66a-4793-b426-7a434617db75%40f9941.556b5.json,icon_S2_stardust,0372_icon_S2_stardust__33e67f42-a66a-4793-b426-7a434617db75.png,100,100,6x6x1,RGBA,straight,decoder_BGRA_to_PNG_RGBA,False,"{'x': 12, 'y': 14, 'width': 74, 'height': 77}","{'width': 100, 'height': 100}",346c391f5f8551d57a776402a2882aaacd667587ba2b3cf516b51a8db6c045cc
373,release/remote/extraRes/native/33/3317cb6b-ff5a-44d9-886b-96371c733860.c5f17.astc,3317cb6b-ff5a-44d9-886b-96371c733860,release/remote/extraRes/import/33/3317cb6b-ff5a-44d9-886b-96371c733860.19fac.json,,0373_asset__3317cb6b-ff5a-44d9-886b-96371c733860.png,136,138,6x6x1,RGBA,straight,decoder_BGRA_to_PNG_RGBA,,,,39ede47c5d54eae46f7e03cd082e275e5f08d236cee1003dd48c735159a0e471
374,release/remote/extraRes/native/32/32283863-6e88-48d0-bf59-9ca5f8ec0536.b8805.astc,32283863-6e88-48d0-bf59-9ca5f8ec0536,release/remote/extraRes/import/32/32283863-6e88-48d0-bf59-9ca5f8ec0536.19fac.json,,0374_asset__32283863-6e88-48d0-bf59-9ca5f8ec0536.png,895,404,6x6x1,RGBA,straight,decoder_BGRA_to_PNG_RGBA,,,,4c0d59e321e6cde81036e3f981291028c1dca8fdfd10517cac8d4977751c38fc
375,release/remote/extraRes/native/31/316f4c91-3bf3-44e0-b5d0-765016c77390.4f4dd.astc,316f4c91-3bf3-44e0-b5d0-765016c77390,release/remote/extraRes/import/31/316f4c91-3bf3-44e0-b5d0-765016c77390.19fac.json,,0375_asset__316f4c91-3bf3-44e0-b5d0-765016c77390.png,1024,512,6x6x1,RGBA,straight,decoder_BGRA_to_PNG_RGBA,,,,d67a9550cd3254656ca264750bc20f671a68abc3f29f34110d28e3cb1051879a
376,release/remote/extraRes/native/31/31579ccd-0155-4ff1-8790-d9eb0225fbe9.183aa.astc,31579ccd-0155-4ff1-8790-d9eb0225fbe9,release/remote/extraRes/import/31/31579ccd-0155-4ff1-8790-d9eb0225fbe9.19fac.json,,0376_asset__31579ccd-0155-4ff1-8790-d9eb0225fbe9.png,602,5,6x6x1,RGBA,straight,decoder_BGRA_to_PNG_RGBA,,,,d0f9a3eff2810c1f3db8153610d407542baf9f14452b5b60894a3ae5118dd404
377,release/remote/extraRes/native/30/30ba226e-690d-4be8-9809-a6d4cd628388.a12ea.astc,30ba226e-690d-4be8-9809-a6d4cd628388,release/remote/extraRes/import/30/30ba226e-690d-4be8-9809-a6d4cd628388.19fac.json,,0377_asset__30ba226e-690d-4be8-9809-a6d4cd628388.png,266,34,6x6x1,RGBA,straight,decoder_BGRA_to_PNG_RGBA,,,,13422726465b17f910b1c7aeadac8cd82cd39cfbbbab228daf7bea8c73bf9a04
378,release/remote/extraRes/native/2f/2f36c8f8-e0cb-4f65-9960-c0d70205ab0a.11f2f.astc,2f36c8f8-e0cb-4f65-9960-c0d70205ab0a,release/remote/extraRes/import/2f/2f36c8f8-e0cb-4f65-9960-c0d70205ab0a%40f9941.9d8f9.json,icon_skin_board_4,0378_icon_skin_board_4__2f36c8f8-e0cb-4f65-9960-c0d70205ab0a.png,100,100,6x6x1,RGBA,straight,decoder_BGRA_to_PNG_RGBA,False,"{'x': 4, 'y': 6, 'width': 88, 'height': 93}","{'width': 100, 'height': 100}",f00fdf5785b07d661c02218b2f118829f5d916b9a4283d71b822c81ef019943a
379,release/remote/extraRes/native/2e/2e754fdf-eaeb-4ec6-b8d8-6ba3271b99ea.73216.astc,2e754fdf-eaeb-4ec6-b8d8-6ba3271b99ea,release/remote/extraRes/import/2e/2e754fdf-eaeb-4ec6-b8d8-6ba3271b99ea.19fac.json,,0379_asset__2e754fdf-eaeb-4ec6-b8d8-6ba3271b99ea.png,556,642,6x6x1,RGBA,straight,decoder_BGRA_to_PNG_RGBA,,,,c0257697454fbdff57286c7b80ceabf6ff9a83d22603f56b353f66b0629963e5
380,release/remote/extraRes/native/2d/2ddabdb9-1eae-4728-a524-05ea61d69d5f.7ae1a.astc,2ddabdb9-1eae-4728-a524-05ea61d69d5f,release/remote/extraRes/import/2d/2ddabdb9-1eae-4728-a524-05ea61d69d5f.19fac.json,,0380_asset__2ddabdb9-1eae-4728-a524-05ea61d69d5f.png,37,42,6x6x1,RGBA,straight,decoder_BGRA_to_PNG_RGBA,,,,6e84e7589997752054260606dbe42b553d9bbfaed0f6ef1f07b54ae9235166da
381,release/remote/extraRes/native/2d/2dda45be-c8e7-4485-98ca-fc7346bb9204.55308.astc,2dda45be-c8e7-4485-98ca-fc7346bb9204,release/remote/extraRes/import/2d/2dda45be-c8e7-4485-98ca-fc7346bb9204.19fac.json,,0381_asset__2dda45be-c8e7-4485-98ca-fc7346bb9204.png,128,128,6x6x1,RGBA,straight,decoder_BGRA_to_PNG_RGBA,,,,a0e6f698899fcf1310aab3a118983e93ea3c54b15ce0aa124609a90d237e2205
382,release/remote/extraRes/native/2b/2bb383c5-b0e4-44ee-8262-2f6e0d0a832e.7522a.astc,2bb383c5-b0e4-44ee-8262-2f6e0d0a832e,release/remote/extraRes/import/2b/2bb383c5-b0e4-44ee-8262-2f6e0d0a832e.19fac.json,,0382_asset__2bb383c5-b0e4-44ee-8262-2f6e0d0a832e.png,512,512,6x6x1,RGBA,straight,decoder_BGRA_to_PNG_RGBA,,,,e53eb7ac0a83b4fcde51d8a9cab7947457d4bc05785cc3ff8b56692b19a8f4a3
383,release/remote/extraRes/native/2a/2a26ae90-7c46-42ac-a6c2-ab6b435bddad.2a63a.astc,2a26ae90-7c46-42ac-a6c2-ab6b435bddad,,,0383_asset__2a26ae90-7c46-42ac-a6c2-ab6b435bddad.png,256,256,6x6x1,RGBA,straight,decoder_BGRA_to_PNG_RGBA,,,,9a89589c00335707e6a6633f86ae19d3539e0182acf6864574945448a197f56b
384,release/remote/extraRes/native/28/2856c62f-a7a4-4cec-8fcb-66a49ef19457.94446.astc,2856c62f-a7a4-4cec-8fcb-66a49ef19457,release/remote/extraRes/import/28/2856c62f-a7a4-4cec-8fcb-66a49ef19457%40f9941.52e94.json,item_dog_icon_3,0384_item_dog_icon_3__2856c62f-a7a4-4cec-8fcb-66a49ef19457.png,140,140,6x6x1,RGBA,straight,decoder_BGRA_to_PNG_RGBA,False,"{'x': 12, 'y': 27, 'width': 116, 'height': 86}","{'width': 140, 'height': 140}",f998295eff784c450b6483d1af331217fdfa0aec324e2a65e3bd6a2d246a0a80
385,release/remote/extraRes/native/26/26f5bda8-d4e7-4167-b00e-2308fead8cc8.0f82a.astc,26f5bda8-d4e7-4167-b00e-2308fead8cc8,release/remote/extraRes/import/26/26f5bda8-d4e7-4167-b00e-2308fead8cc8%40f9941.1ee03.json,img_nameplate_saiji_1_1,0385_img_nameplate_saiji_1_1__26f5bda8-d4e7-4167-b00e-2308fead8cc8.png,606,132,6x6x1,RGBA,straight,decoder_BGRA_to_PNG_RGBA,False,"{'x': 0, 'y': 0, 'width': 606, 'height': 132}","{'width': 606, 'height': 132}",2374098cffb42b706f35e7d09b5e4df131b90d974279f421cea427f87395237d
386,release/remote/extraRes/native/25/25b7bb35-eebe-4981-82f9-586e4366e291.a8261.astc,25b7bb35-eebe-4981-82f9-586e4366e291,release/remote/extraRes/import/25/25b7bb35-eebe-4981-82f9-586e4366e291.19fac.json,,0386_asset__25b7bb35-eebe-4981-82f9-586e4366e291.png,144,18,6x6x1,RGBA,straight,decoder_BGRA_to_PNG_RGBA,,,,25c0f56c602ac3b639c14d6c4e3bc76684e9ef15491444b9bbb6bc36c5242dbe
387,release/remote/extraRes/native/25/25b722c9-e9c1-4177-b1d2-b88e1a7e99d6.b8790.astc,25b722c9-e9c1-4177-b1d2-b88e1a7e99d6,release/remote/extraRes/import/25/25b722c9-e9c1-4177-b1d2-b88e1a7e99d6.19fac.json,,0387_asset__25b722c9-e9c1-4177-b1d2-b88e1a7e99d6.png,16,20,6x6x1,RGBA,straight,decoder_BGRA_to_PNG_RGBA,,,,8ce9ecbfd73ee35a8c2d92a5401b017b70fe40469ec475ff1dd93c3b3be80079
388,release/remote/extraRes/native/25/258f744d-98e6-4a71-a46a-d45681a11a46.deab1.astc,258f744d-98e6-4a71-a46a-d45681a11a46,release/remote/extraRes/import/25/258f744d-98e6-4a71-a46a-d45681a11a46%40f9941.e1826.json,icon_skin_barrier_2,0388_icon_skin_barrier_2__258f744d-98e6-4a71-a46a-d45681a11a46.png,100,100,6x6x1,RGBA,straight,decoder_BGRA_to_PNG_RGBA,False,"{'x': 16, 'y': 7, 'width': 69, 'height': 86}","{'width': 100, 'height': 100}",5cab13764008ee691047c7398c98cd53de1a144221eb5b387f88ff0596303116
389,release/remote/extraRes/native/24/24625e02-fea9-4560-b9d9-1c5668c156ed.e6885.astc,24625e02-fea9-4560-b9d9-1c5668c156ed,release/remote/extraRes/import/24/24625e02-fea9-4560-b9d9-1c5668c156ed.19fac.json,,0389_asset__24625e02-fea9-4560-b9d9-1c5668c156ed.png,100,100,6x6x1,RGBA,straight,decoder_BGRA_to_PNG_RGBA,,,,9ed6b285f858d5f22c62d2fc94f43b12755b78cb03a3e466404454cf9076b665
390,release/remote/extraRes/native/22/22b30dc6-4b90-4365-978e-b798c30c3a02.cc9a9.astc,22b30dc6-4b90-4365-978e-b798c30c3a02,release/remote/extraRes/import/22/22b30dc6-4b90-4365-978e-b798c30c3a02.19fac.json,,0390_asset__22b30dc6-4b90-4365-978e-b798c30c3a02.png,128,128,6x6x1,RGBA,straight,decoder_BGRA_to_PNG_RGBA,,,,fb33798117baba1c4c3eca357e530f73dd4e5c8b04600cc72a5f3d75bb86bb47
391,release/remote/extraRes/native/22/224c83ac-3182-448c-8ceb-5b8dadcd7e18.be5d6.astc,224c83ac-3182-448c-8ceb-5b8dadcd7e18,release/remote/extraRes/import/22/224c83ac-3182-448c-8ceb-5b8dadcd7e18.19fac.json,,0391_asset__224c83ac-3182-448c-8ceb-5b8dadcd7e18.png,100,100,6x6x1,RGBA,straight,decoder_BGRA_to_PNG_RGBA,,,,eca916e8d604ff73599c7426db6f491e1dfbdf3ccbe866742b03998d0267496a
392,release/remote/extraRes/native/22/221f486f-e92e-4be7-91ae-4ab03dee9a05.3e75f.astc,221f486f-e92e-4be7-91ae-4ab03dee9a05,release/remote/extraRes/import/22/221f486f-e92e-4be7-91ae-4ab03dee9a05.19fac.json,,0392_asset__221f486f-e92e-4be7-91ae-4ab03dee9a05.png,82,87,6x6x1,RGBA,straight,decoder_BGRA_to_PNG_RGBA,,,,2f12f10c5b5cb1b51cc0b090e369271eaa915181cef135c07589cf5165a63109
393,release/remote/extraRes/native/21/2122374f-149b-48c3-a6cd-ac8644baf867.e52c3.astc,2122374f-149b-48c3-a6cd-ac8644baf867,release/remote/extraRes/import/21/2122374f-149b-48c3-a6cd-ac8644baf867.19fac.json,,0393_asset__2122374f-149b-48c3-a6cd-ac8644baf867.png,512,512,6x6x1,RGBA,straight,decoder_BGRA_to_PNG_RGBA,,,,23d86d10f7c683e142be33dacc56f8e5c822d44b27114bc5b07cc3c87bdbd518
394,release/remote/extraRes/native/1f/1fc46efa-bafc-458f-88e3-05346dc584dd.38ecc.astc,1fc46efa-bafc-458f-88e3-05346dc584dd,release/remote/extraRes/import/1f/1fc46efa-bafc-458f-88e3-05346dc584dd.19fac.json,,0394_asset__1fc46efa-bafc-458f-88e3-05346dc584dd.png,74,73,6x6x1,RGBA,straight,decoder_BGRA_to_PNG_RGBA,,,,009a5a4858fcd8a75661486561aabb96268ee053c03b123771ac61174322db06
395,release/remote/extraRes/native/1f/1fbaf84cd.e40e4.astc,1fbaf84cd,release/remote/extraRes/import/1f/1fbaf84cd.07d3d.json,,0395_asset__1fbaf84cd.png,601,761,6x6x1,RGBA,straight,decoder_BGRA_to_PNG_RGBA,,,,620ca25cd288044e8517bfe62b3f7afe2b29a82cd569c6e580b674f56bed2255
396,release/remote/extraRes/native/1e/1e7883adb.dfa86.astc,1e7883adb,release/remote/extraRes/import/1e/1e7883adb.210d9.json,,0396_asset__1e7883adb.png,948,948,6x6x1,RGBA,straight,decoder_BGRA_to_PNG_RGBA,,,,3c286e1023044230325c20e4f60ecbdef3a1eb5b346ec82af6a585dcc73dd47b
397,release/remote/extraRes/native/1e/1e778e6ff.32466.astc,1e778e6ff,release/remote/extraRes/import/1e/1e778e6ff.37dca.json,,0397_asset__1e778e6ff.png,439,1023,6x6x1,RGBA,straight,decoder_BGRA_to_PNG_RGBA,,,,e473117c40c75cf56e77270488a0f01d8ce81b7720dc975291d3e1de8db1bc0b
398,release/remote/extraRes/native/1e/1e6125a3-4468-43cc-8424-f47934e0a271.32a3d.astc,1e6125a3-4468-43cc-8424-f47934e0a271,release/remote/extraRes/import/1e/1e6125a3-4468-43cc-8424-f47934e0a271.19fac.json,,0398_asset__1e6125a3-4468-43cc-8424-f47934e0a271.png,256,2,6x6x1,RGBA,straight,decoder_BGRA_to_PNG_RGBA,,,,0e524ec9cac37bbe00a2762d17a25a4a74e0355ab025c4e371752411e2a98e6d
399,release/remote/extraRes/native/1e/1e358c531.34df1.astc,1e358c531,release/remote/extraRes/import/1e/1e358c531.c50ae.json,,0399_asset__1e358c531.png,502,496,6x6x1,RGBA,straight,decoder_BGRA_to_PNG_RGBA,,,,e82d21e9a73e046fcb1ebab40bcd2b64bed58406ded3e91e125fd6d8845f75f5
400,release/remote/extraRes/native/1d/1d032ca49.0fbb8.astc,1d032ca49,release/remote/extraRes/import/1d/1d032ca49.00551.json,,0400_asset__1d032ca49.png,657,994,6x6x1,RGBA,straight,decoder_BGRA_to_PNG_RGBA,,,,742ee2d597cf0ad7d34a839da7d0f61cd0398a28461a65cdc84fb4dfc31b4742
401,release/remote/extraRes/native/1c/1cdaf2237.65979.astc,1cdaf2237,release/remote/extraRes/import/1c/1cdaf2237.2bef4.json,,0401_asset__1cdaf2237.png,634,641,6x6x1,RGBA,straight,decoder_BGRA_to_PNG_RGBA,,,,c52243b61577bf48cd30a90b55c35dbebe9c9062b63d5ee91f1ab36b219244ff
402,release/remote/extraRes/native/1c/1cb459775.f99c0.astc,1cb459775,release/remote/extraRes/import/1c/1cb459775.23694.json,,0402_asset__1cb459775.png,645,974,6x6x1,RGBA,straight,decoder_BGRA_to_PNG_RGBA,,,,0410cabd7dd32b0606e6ad5f2b0f684fc426b03982c2b10a4007be1ddf1d81e9
403,release/remote/extraRes/native/1c/1c6547170.179fa.astc,1c6547170,release/remote/extraRes/import/1c/1c6547170.814c2.json,,0403_asset__1c6547170.png,497,994,6x6x1,RGBA,straight,decoder_BGRA_to_PNG_RGBA,,,,23ee75bac6bfbb981830c818327d6fc1c0e6b01ecc0a022de2d970db37d124dc
404,release/remote/extraRes/native/1c/1c1d9373d.e56af.astc,1c1d9373d,release/remote/extraRes/import/1c/1c1d9373d.c52c8.json,,0404_asset__1c1d9373d.png,834,1023,6x6x1,RGBA,straight,decoder_BGRA_to_PNG_RGBA,,,,3b7d201a6fed19f16a4557eff7037aa344b341db25cca60b41945557572bda82
405,release/remote/extraRes/native/1b/1bdaf766-9b67-41f8-969b-81f72db6ab79.59eb5.astc,1bdaf766-9b67-41f8-969b-81f72db6ab79,release/remote/extraRes/import/1b/1bdaf766-9b67-41f8-969b-81f72db6ab79.19fac.json,,0405_asset__1bdaf766-9b67-41f8-969b-81f72db6ab79.png,55,36,6x6x1,RGBA,straight,decoder_BGRA_to_PNG_RGBA,,,,4e8588d317a819c47eb00274db20fd64c049ba87e078d9059d2c21b4ea57f3fd
406,release/remote/extraRes/native/1b/1bd2b88bd.90e1c.astc,1bd2b88bd,release/remote/extraRes/import/1b/1bd2b88bd.30d37.json,,0406_asset__1bd2b88bd.png,679,1023,6x6x1,RGBA,straight,decoder_BGRA_to_PNG_RGBA,,,,75dfb3935778da03943143473d4d7e9260caa5df31da03ec1fba08fac742cdbc
407,release/remote/extraRes/native/1b/1ba0c48a4.4a153.astc,1ba0c48a4,release/remote/extraRes/import/1b/1ba0c48a4.947a5.json,,0407_asset__1ba0c48a4.png,959,960,6x6x1,RGBA,straight,decoder_BGRA_to_PNG_RGBA,,,,af61c7ecf8e17d342f6d6990bedc5f076e50a512ed9adff15ad6f59c6092e50d
408,release/remote/extraRes/native/1a/1aee36fd8.6b8a5.astc,1aee36fd8,release/remote/extraRes/import/1a/1aee36fd8.81bb6.json,,0408_asset__1aee36fd8.png,255,790,6x6x1,RGBA,straight,decoder_BGRA_to_PNG_RGBA,,,,5bb04091f7f5bbad21e64cf0fed69daf76950e560fc4a3f863840bf488c567ee
409,release/remote/extraRes/native/19/19fb582b7.93bc6.astc,19fb582b7,release/remote/extraRes/import/19/19fb582b7.83864.json,,0409_asset__19fb582b7.png,230,652,6x6x1,RGBA,straight,decoder_BGRA_to_PNG_RGBA,,,,7b2a507f0ec1c812b18c3a72f67b2f2f8e36c1b6ca03bc104372f39d70a95061
410,release/remote/extraRes/native/19/19cbccd3-574e-4a89-a321-b959d1da1f14.b18ac.astc,19cbccd3-574e-4a89-a321-b959d1da1f14,release/remote/extraRes/import/19/19cbccd3-574e-4a89-a321-b959d1da1f14%40f9941.cbd6d.json,img_skin_item_bg_rarity3,0410_img_skin_item_bg_rarity3__19cbccd3-574e-4a89-a321-b959d1da1f14.png,186,291,6x6x1,RGBA,straight,decoder_BGRA_to_PNG_RGBA,False,"{'x': 0, 'y': 0, 'width': 186, 'height': 291}","{'width': 186, 'height': 291}",e02ecb10fd22684fcd20c8bcd90bfcdee92140a4eb6fac7cde5de5ed6113d9fe
411,release/remote/extraRes/native/19/19098b1b2.10f98.astc,19098b1b2,release/remote/extraRes/import/19/19098b1b2.dd4fe.json,,0411_asset__19098b1b2.png,944,1024,6x6x1,RGBA,straight,decoder_BGRA_to_PNG_RGBA,,,,01a01edb3eade3181b1cc6d65cf4d47cf2c603468cade5c20f7fb259edee3494
412,release/remote/extraRes/native/18/18ee649f3.a1196.astc,18ee649f3,release/remote/extraRes/import/18/18ee649f3.dbffc.json,,0412_asset__18ee649f3.png,1002,1005,6x6x1,RGBA,straight,decoder_BGRA_to_PNG_RGBA,,,,a813007e17eb2518ea016b7cf0a684ad9ba6f313c7715228b0c1df126de89cd5
413,release/remote/extraRes/native/18/18a053741.39211.astc,18a053741,release/remote/extraRes/import/18/18a053741.b711c.json,,0413_asset__18a053741.png,618,1024,6x6x1,RGBA,straight,decoder_BGRA_to_PNG_RGBA,,,,e81aee32c1bd1c8906600344731090158512ddbc8698cc6ce80eec608aae137d
414,release/remote/extraRes/native/18/181fa8763.de60b.astc,181fa8763,release/remote/extraRes/import/18/181fa8763.58063.json,,0414_asset__181fa8763.png,276,949,6x6x1,RGBA,straight,decoder_BGRA_to_PNG_RGBA,,,,74d7df2cbafb7b443a5017db50849acd9e33a9655274fe8138ea9a670710165a
415,release/remote/extraRes/native/17/179fe100-a42f-45e9-a9c8-95cecc0b07c0.9946f.astc,179fe100-a42f-45e9-a9c8-95cecc0b07c0,release/remote/extraRes/import/17/179fe100-a42f-45e9-a9c8-95cecc0b07c0%40f9941.5ba88.json,icon_feterlize4,0415_icon_feterlize4__179fe100-a42f-45e9-a9c8-95cecc0b07c0.png,100,100,6x6x1,RGBA,straight,decoder_BGRA_to_PNG_RGBA,False,"{'x': 0, 'y': 6, 'width': 95, 'height': 90}","{'width': 100, 'height': 100}",0e6ddce359f2abde59b2c4b6c7d3d37808bde65eea9b0a235cf91cf93793f8a1
416,release/remote/extraRes/native/17/179e75edc.4c11f.astc,179e75edc,release/remote/extraRes/import/17/179e75edc.ab478.json,,0416_asset__179e75edc.png,510,1023,6x6x1,RGBA,straight,decoder_BGRA_to_PNG_RGBA,,,,a3b84d82259bea4b65d47377abc9194b91a102b87767ca9c8990d61b8646f265
417,release/remote/extraRes/native/17/179d8d110.6daed.astc,179d8d110,release/remote/extraRes/import/17/179d8d110.c8eb6.json,,0417_asset__179d8d110.png,1024,1743,6x6x1,RGBA,straight,decoder_BGRA_to_PNG_RGBA,,,,6eb29a688b5073e233e59e619d336d13914365e7fd12059eb26fbf869e6b6188
418,release/remote/extraRes/native/17/177f745cb.26fec.astc,177f745cb,release/remote/extraRes/import/17/177f745cb.794c1.json,,0418_asset__177f745cb.png,651,1022,6x6x1,RGBA,straight,decoder_BGRA_to_PNG_RGBA,,,,fcc8e489202291111953fb127c54ec493abebd26038a3914f6fc844153e67d2f
419,release/remote/extraRes/native/16/16c51263-1b22-4518-a93c-4f7dd5cc16f3.9f9cf.astc,16c51263-1b22-4518-a93c-4f7dd5cc16f3,release/remote/extraRes/import/16/16c51263-1b22-4518-a93c-4f7dd5cc16f3.19fac.json,,0419_asset__16c51263-1b22-4518-a93c-4f7dd5cc16f3.png,288,308,6x6x1,RGBA,straight,decoder_BGRA_to_PNG_RGBA,,,,8205703824398ba227c6c228d2be94d4fc2340fde84f161860b2395050ad0757
420,release/remote/extraRes/native/16/164b4709a.f35ca.astc,164b4709a,release/remote/extraRes/import/16/164b4709a.31346.json,,0420_asset__164b4709a.png,699,977,6x6x1,RGBA,straight,decoder_BGRA_to_PNG_RGBA,,,,2001f0f7f748f7dbfca6f10402130fcfcd7456523d554a82aa7f7fadf26a5d3f
421,release/remote/extraRes/native/15/15c56c71-9913-4b39-8782-299c22648f4b.c473e.astc,15c56c71-9913-4b39-8782-299c22648f4b,release/remote/extraRes/import/15/15c56c71-9913-4b39-8782-299c22648f4b.19fac.json,,0421_asset__15c56c71-9913-4b39-8782-299c22648f4b.png,249,1,6x6x1,RGBA,straight,decoder_BGRA_to_PNG_RGBA,,,,cd5c069a40e6408dbd4b0f8992a1a7a781e2f75e4ab26c1ec7eb3db6317fdd9f
422,release/remote/extraRes/native/15/159284461.f7d1e.astc,159284461,release/remote/extraRes/import/15/159284461.d5690.json,,0422_asset__159284461.png,253,425,6x6x1,RGBA,straight,decoder_BGRA_to_PNG_RGBA,,,,015ec1f81b39f664a894e9e4964e0e9f7efe16a5d6649916a00e07e553dfdd55
423,release/remote/extraRes/native/15/1506a19a-d4bd-4b7b-94c5-5ec63b2ce2f6.2feca.astc,1506a19a-d4bd-4b7b-94c5-5ec63b2ce2f6,release/remote/extraRes/import/15/1506a19a-d4bd-4b7b-94c5-5ec63b2ce2f6%40f9941.6f195.json,img_avatar_worldCup_1,0423_img_avatar_worldCup_1__1506a19a-d4bd-4b7b-94c5-5ec63b2ce2f6.png,128,128,6x6x1,RGBA,straight,decoder_BGRA_to_PNG_RGBA,False,"{'x': 13, 'y': 11, 'width': 104, 'height': 108}","{'width': 128, 'height': 128}",6b04381ddb588de43dd77cff9b460ee090045b63dd5dabd722896d0ce16bbc1c
424,release/remote/extraRes/native/14/14b5472ad.5f701.astc,14b5472ad,release/remote/extraRes/import/14/14b5472ad.e0b14.json,,0424_asset__14b5472ad.png,443,552,6x6x1,RGBA,straight,decoder_BGRA_to_PNG_RGBA,,,,1e8f609e5f316e447dabca16166ce7c2750d81faf09c0be8aa3eca0f7d41d72f
425,release/remote/extraRes/native/13/138dc403-eb36-4296-b2e3-c49012801952.ff8f6.astc,138dc403-eb36-4296-b2e3-c49012801952,release/remote/extraRes/import/13/138dc403-eb36-4296-b2e3-c49012801952.19fac.json,,0425_asset__138dc403-eb36-4296-b2e3-c49012801952.png,148,54,6x6x1,RGBA,straight,decoder_BGRA_to_PNG_RGBA,,,,8dc1b93962c4435c7cfca1db3b270aebcb678712b0604ef5c77363b41c92a6e0
426,release/remote/extraRes/native/13/1366e917f.d6984.astc,1366e917f,release/remote/extraRes/import/13/1366e917f.9180e.json,,0426_asset__1366e917f.png,118,924,6x6x1,RGBA,straight,decoder_BGRA_to_PNG_RGBA,,,,e68bba25c084321eb824755d7a821961e82811500baf15bd230477a9e7547dd0
427,release/remote/extraRes/native/12/1231697c6.56cb4.astc,1231697c6,release/remote/extraRes/import/12/1231697c6.c6c29.json,,0427_asset__1231697c6.png,1024,326,6x6x1,RGBA,straight,decoder_BGRA_to_PNG_RGBA,,,,2f67b72932ef0056ff1b400ef367e91bd5e4aa6ab5be096ce315212530f17531
428,release/remote/extraRes/native/11/11cf94aa-cf9e-4544-b9cb-281bbe54fa33.4a009.astc,11cf94aa-cf9e-4544-b9cb-281bbe54fa33,release/remote/extraRes/import/11/11cf94aa-cf9e-4544-b9cb-281bbe54fa33%40f9941.fabc3.json,icon_skin_barrier_8,0428_icon_skin_barrier_8__11cf94aa-cf9e-4544-b9cb-281bbe54fa33.png,100,100,6x6x1,RGBA,straight,decoder_BGRA_to_PNG_RGBA,False,"{'x': 14, 'y': 14, 'width': 71, 'height': 74}","{'width': 100, 'height': 100}",4d28861cfa13e3c06da235f7c1116ea414d84fabcf50c5d7e1334678278f44ff
429,release/remote/extraRes/native/11/11ca5bd40.e5a8f.astc,11ca5bd40,release/remote/extraRes/import/11/11ca5bd40.00e33.json,,0429_asset__11ca5bd40.png,1421,1419,6x6x1,RGBA,straight,decoder_BGRA_to_PNG_RGBA,,,,80e5de8762af86b40cdbdb2fbf9bfba78244a297efcd7acca50d0c3da3ab1d63
430,release/remote/extraRes/native/10/1004b863-348c-4a63-aed1-ccea1a074853.45790.astc,1004b863-348c-4a63-aed1-ccea1a074853,release/remote/extraRes/import/10/1004b863-348c-4a63-aed1-ccea1a074853.19fac.json,,0430_asset__1004b863-348c-4a63-aed1-ccea1a074853.png,23,37,6x6x1,RGBA,straight,decoder_BGRA_to_PNG_RGBA,,,,18acb112fe8d516a0c8fbdd5de22864b7afd42767daf088889047b5c625fe4e0
431,release/remote/extraRes/native/0f/0fe81310-d298-49c8-8e13-d8cb7ad04c45.40566.astc,0fe81310-d298-49c8-8e13-d8cb7ad04c45,release/remote/extraRes/import/0f/0fe81310-d298-49c8-8e13-d8cb7ad04c45.19fac.json,,0431_asset__0fe81310-d298-49c8-8e13-d8cb7ad04c45.png,993,724,6x6x1,RGBA,straight,decoder_BGRA_to_PNG_RGBA,,,,9fee2bbd9cfcbd16024645df34982b281b70d33d58ae99283b4649e18d728974
432,release/remote/extraRes/native/0f/0f172c8b-63fb-42d4-98d7-815f96a2538e.267d3.astc,0f172c8b-63fb-42d4-98d7-815f96a2538e,release/remote/extraRes/import/0f/0f172c8b-63fb-42d4-98d7-815f96a2538e%40f9941.4087d.json,icon_skin_board_1,0432_icon_skin_board_1__0f172c8b-63fb-42d4-98d7-815f96a2538e.png,100,100,6x6x1,RGBA,straight,decoder_BGRA_to_PNG_RGBA,False,"{'x': 14, 'y': 3, 'width': 74, 'height': 95}","{'width': 100, 'height': 100}",da253106a05fdc0f90dcd46a5453c50404203c055187998c6075a2ca6adf189a
433,release/remote/extraRes/native/0e/0e3e221c-7c94-4115-a73b-5ab91070aebb.129ca.astc,0e3e221c-7c94-4115-a73b-5ab91070aebb,release/remote/extraRes/import/0e/0e3e221c-7c94-4115-a73b-5ab91070aebb.19fac.json,,0433_asset__0e3e221c-7c94-4115-a73b-5ab91070aebb.png,136,138,6x6x1,RGBA,straight,decoder_BGRA_to_PNG_RGBA,,,,36d195d6dd3fe80255353a6136e1f3661907e2e651a11b61bf9978333bfd55c8
434,release/remote/extraRes/native/0d/0d8c212d-7cda-4917-bfd8-7146c10958ec.d9e42.astc,0d8c212d-7cda-4917-bfd8-7146c10958ec,release/remote/extraRes/import/0d/0d8c212d-7cda-4917-bfd8-7146c10958ec.19fac.json,,0434_asset__0d8c212d-7cda-4917-bfd8-7146c10958ec.png,277,13,6x6x1,RGBA,straight,decoder_BGRA_to_PNG_RGBA,,,,a2821f2cb5ad4ca134092d35623ce7bdd2e0bf0d360903c769fb5e96b2d30d57
435,release/remote/extraRes/native/0c/0c2a7f3d-499f-47c1-a202-4882b731361e.bd540.astc,0c2a7f3d-499f-47c1-a202-4882b731361e,release/remote/extraRes/import/0c/0c2a7f3d-499f-47c1-a202-4882b731361e.19fac.json,,0435_asset__0c2a7f3d-499f-47c1-a202-4882b731361e.png,23,46,6x6x1,RGBA,straight,decoder_BGRA_to_PNG_RGBA,,,,9ef63e3d7ed4a2cfa0b8c8228ba14ae808b4c4eb8ddf10af1618305dd2f24ca1
436,release/remote/extraRes/native/0b/0bc6fe91-06d0-479e-b162-4d20c30d7e84.f7316.astc,0bc6fe91-06d0-479e-b162-4d20c30d7e84,release/remote/extraRes/import/0b/0bc6fe91-06d0-479e-b162-4d20c30d7e84.19fac.json,,0436_asset__0bc6fe91-06d0-479e-b162-4d20c30d7e84.png,206,152,6x6x1,RGBA,straight,decoder_BGRA_to_PNG_RGBA,,,,8ea73893e994954aa428074320ddfdea33752e007d47b8ee94951f43ea12b74b
437,release/remote/extraRes/native/0a/0afeb484-f847-4d77-ae39-da622d891b45.cde04.astc,0afeb484-f847-4d77-ae39-da622d891b45,release/remote/extraRes/import/0a/0afeb484-f847-4d77-ae39-da622d891b45%40f9941.ad96b.json,icon_skin_fence,0437_icon_skin_fence__0afeb484-f847-4d77-ae39-da622d891b45.png,100,100,6x6x1,RGBA,straight,decoder_BGRA_to_PNG_RGBA,False,"{'x': 7, 'y': 9, 'width': 87, 'height': 83}","{'width': 100, 'height': 100}",3b1e5531e7c79f8f0aef76d98894004521a16408500a3a54246a879f4280f0de
438,release/remote/extraRes/native/0a/0ab5e408-c67a-4c82-8a28-cdea37f99422.ad6aa.astc,0ab5e408-c67a-4c82-8a28-cdea37f99422,release/remote/extraRes/import/0a/0ab5e408-c67a-4c82-8a28-cdea37f99422.19fac.json,,0438_asset__0ab5e408-c67a-4c82-8a28-cdea37f99422.png,31,23,6x6x1,RGBA,straight,decoder_BGRA_to_PNG_RGBA,,,,4f66a336765cfd40ad7f73406a97ebdf3fd540412ccaf7749e799cb8e605d33a
439,release/remote/extraRes/native/09/091dc5e6-0196-48a1-a392-44953ed50b8a.ad9dd.astc,091dc5e6-0196-48a1-a392-44953ed50b8a,release/remote/extraRes/import/09/091dc5e6-0196-48a1-a392-44953ed50b8a.19fac.json,,0439_asset__091dc5e6-0196-48a1-a392-44953ed50b8a.png,53,29,6x6x1,RGBA,straight,decoder_BGRA_to_PNG_RGBA,,,,28a4762ad69a84d0f604d4363ee1804863c98fd453ad4059995645290a3815fc
440,release/remote/extraRes/native/08/08c5dbdc-524f-4255-98c9-f7acd2a15b8d.0f63d.astc,08c5dbdc-524f-4255-98c9-f7acd2a15b8d,release/remote/extraRes/import/08/08c5dbdc-524f-4255-98c9-f7acd2a15b8d.19fac.json,,0440_asset__08c5dbdc-524f-4255-98c9-f7acd2a15b8d.png,57,16,6x6x1,RGBA,straight,decoder_BGRA_to_PNG_RGBA,,,,d5ce9c4e61b5e8d713d1544df3e845ebd2faaa7f6d62733be685632f77c02c44
441,release/remote/extraRes/native/08/08156573-1e68-4c3e-a0e2-11cebc1f3e28.b735a.astc,08156573-1e68-4c3e-a0e2-11cebc1f3e28,release/remote/extraRes/import/08/08156573-1e68-4c3e-a0e2-11cebc1f3e28.19fac.json,,0441_asset__08156573-1e68-4c3e-a0e2-11cebc1f3e28.png,67,67,6x6x1,RGBA,straight,decoder_BGRA_to_PNG_RGBA,,,,4d7efc9a153eb8559de783d0c656f81a5191de3f66ff3beb866a34eb11be9dc8
442,release/remote/extraRes/native/07/074c9555-c40c-4b7b-bc62-71060e8ca1c1.71f03.astc,074c9555-c40c-4b7b-bc62-71060e8ca1c1,release/remote/extraRes/import/07/074c9555-c40c-4b7b-bc62-71060e8ca1c1%40f9941.0afb7.json,icon_activity,0442_icon_activity__074c9555-c40c-4b7b-bc62-71060e8ca1c1.png,59,56,6x6x1,RGBA,straight,decoder_BGRA_to_PNG_RGBA,False,"{'x': 0, 'y': 0, 'width': 59, 'height': 56}","{'width': 59, 'height': 56}",4199d5b7955bffed6b4bd37bad5b122070a84ea5173a01b3c96aec606026f9e2
443,release/remote/extraRes/native/06/06b9c86d-db88-4bbb-b2d2-58ffb830ce75.434d4.astc,06b9c86d-db88-4bbb-b2d2-58ffb830ce75,release/remote/extraRes/import/06/06b9c86d-db88-4bbb-b2d2-58ffb830ce75.19fac.json,,0443_asset__06b9c86d-db88-4bbb-b2d2-58ffb830ce75.png,188,74,6x6x1,RGBA,straight,decoder_BGRA_to_PNG_RGBA,,,,6ad2154c96cb37c39e098b84da7e46dfdcec572f1e390f3715906505a0363f0f
444,release/remote/extraRes/native/06/0638f976-5846-4741-a3ee-33e4dea55625.1eee1.astc,0638f976-5846-4741-a3ee-33e4dea55625,release/remote/extraRes/import/06/0638f976-5846-4741-a3ee-33e4dea55625%40f9941.35c9b.json,golden,0444_golden__0638f976-5846-4741-a3ee-33e4dea55625.png,44,44,6x6x1,RGBA,straight,decoder_BGRA_to_PNG_RGBA,False,"{'x': 0, 'y': 0, 'width': 44, 'height': 44}","{'width': 44, 'height': 44}",ad6a60b2fd0495d926fe6a04479961e057e882d10584bb72bf00f78da3036226
445,release/remote/extraRes/native/05/059acec9-0680-48b4-a89a-55dadfc885c7.78d7b.astc,059acec9-0680-48b4-a89a-55dadfc885c7,release/remote/extraRes/import/05/059acec9-0680-48b4-a89a-55dadfc885c7.19fac.json,,0445_asset__059acec9-0680-48b4-a89a-55dadfc885c7.png,31,35,6x6x1,RGBA,straight,decoder_BGRA_to_PNG_RGBA,,,,9ff6af79375de23b792de6c26d5e219d0a1f641ffab10d3bce08c984309fbe88
446,release/remote/extraRes/native/03/03357e47-8844-495b-bfea-5d4753945b45.ed6f4.astc,03357e47-8844-495b-bfea-5d4753945b45,release/remote/extraRes/import/03/03357e47-8844-495b-bfea-5d4753945b45%40f9941.5b504.json,icon_feterlize6,0446_icon_feterlize6__03357e47-8844-495b-bfea-5d4753945b45.png,100,100,6x6x1,RGBA,straight,decoder_BGRA_to_PNG_RGBA,False,"{'x': 4, 'y': 7, 'width': 93, 'height': 89}","{'width': 100, 'height': 100}",ab931c1d51de0a663449f0db6cdd8bb34ee77cdf84aa480d3b16579ac1e518d8
447,release/remote/extraRes/native/02/02b82979-0919-4170-81d2-43a609b2ae02.5d10f.astc,02b82979-0919-4170-81d2-43a609b2ae02,release/remote/extraRes/import/02/02b82979-0919-4170-81d2-43a609b2ae02.19fac.json,,0447_asset__02b82979-0919-4170-81d2-43a609b2ae02.png,512,512,6x6x1,RGBA,straight,decoder_BGRA_to_PNG_RGBA,,,,b3bee1024f88c98f8db4bfb267a890b0aa068bbb4cfdcfb8560242168372c1c3
448,release/remote/extraRes/native/02/02586ac3-f60b-474f-a17f-e40e43b278e3.f3ee5.astc,02586ac3-f60b-474f-a17f-e40e43b278e3,release/remote/extraRes/import/02/02586ac3-f60b-474f-a17f-e40e43b278e3.19fac.json,,0448_asset__02586ac3-f60b-474f-a17f-e40e43b278e3.png,30,31,6x6x1,RGBA,straight,decoder_BGRA_to_PNG_RGBA,,,,96bfd810735fd7fa7f2803bb00b0419420572392980c5da3bbbf463aee554c49
449,release/remote/extraRes/native/01/01eb750e-9958-4363-b5e4-9b46a36a1838.25313.astc,01eb750e-9958-4363-b5e4-9b46a36a1838,release/remote/extraRes/import/01/01eb750e-9958-4363-b5e4-9b46a36a1838.19fac.json,,0449_asset__01eb750e-9958-4363-b5e4-9b46a36a1838.png,25,66,6x6x1,RGBA,straight,decoder_BGRA_to_PNG_RGBA,,,,bfcf51c456c502abd69e40f32cbff4070fdee6d69fd696b59554895106b5f85c
450,release/remote/extraRes/native/01/01af0dd7-9079-43e6-80ef-9488116b80e4.db6dc.astc,01af0dd7-9079-43e6-80ef-9488116b80e4,release/remote/extraRes/import/01/01af0dd7-9079-43e6-80ef-9488116b80e4.19fac.json,,0450_asset__01af0dd7-9079-43e6-80ef-9488116b80e4.png,63,71,6x6x1,RGBA,straight,decoder_BGRA_to_PNG_RGBA,,,,16b844d73865c6dac8a4fbe41e361a7a620e383bf4c62b97ac9565e1b94de4a5
451,release/remote/extraRes/native/01/01647b49-8771-414e-b6b8-4398e098cc0d.14a1d.astc,01647b49-8771-414e-b6b8-4398e098cc0d,release/remote/extraRes/import/01/01647b49-8771-414e-b6b8-4398e098cc0d.19fac.json,,0451_asset__01647b49-8771-414e-b6b8-4398e098cc0d.png,180,172,6x6x1,RGBA,straight,decoder_BGRA_to_PNG_RGBA,,,,508a15b682644ed5e6bdacf2de75b417b21165d623bae3f74ee1a082ec5159de
452,release/remote/delayRes/native/fd/fd5989ab-a30c-4f4b-8eb1-ec1eb840b77d.e4aa8.astc,fd5989ab-a30c-4f4b-8eb1-ec1eb840b77d,release/remote/delayRes/import/fd/fd5989ab-a30c-4f4b-8eb1-ec1eb840b77d.19fac.json,,0452_asset__fd5989ab-a30c-4f4b-8eb1-ec1eb840b77d.png,675,603,6x6x1,RGBA,straight,decoder_BGRA_to_PNG_RGBA,,,,70b2d295011a5dc0596372633ff58db47efafde015886d90f5d0b81585f23d69
453,release/remote/delayRes/native/f8/f8bdf1f7-a5a7-48bd-9d2a-7dbe5f923afc.200f1.astc,f8bdf1f7-a5a7-48bd-9d2a-7dbe5f923afc,release/remote/delayRes/import/f8/f8bdf1f7-a5a7-48bd-9d2a-7dbe5f923afc.19fac.json,,0453_asset__f8bdf1f7-a5a7-48bd-9d2a-7dbe5f923afc.png,1464,1358,6x6x1,RGBA,straight,decoder_BGRA_to_PNG_RGBA,,,,23ad4306d3ddcecb0b8320a8d8b8e5fd3ba6654abaeae603952d4d2977e14348
454,release/remote/delayRes/native/f7/f7aa16c5-2e53-494c-87aa-67632d9e3639.19a0e.astc,f7aa16c5-2e53-494c-87aa-67632d9e3639,release/remote/delayRes/import/f7/f7aa16c5-2e53-494c-87aa-67632d9e3639.19fac.json,,0454_asset__f7aa16c5-2e53-494c-87aa-67632d9e3639.png,565,3,6x6x1,RGBA,straight,decoder_BGRA_to_PNG_RGBA,,,,252349864cce58858d2a65cdacf6355df6fb4aa398d863e2a23efb8d8115abf1
455,release/remote/delayRes/native/f6/f6c14853-876e-4cc0-8e20-270b33c004d5.62af0.astc,f6c14853-876e-4cc0-8e20-270b33c004d5,release/remote/delayRes/import/f6/f6c14853-876e-4cc0-8e20-270b33c004d5.19fac.json,,0455_asset__f6c14853-876e-4cc0-8e20-270b33c004d5.png,168,98,6x6x1,RGBA,straight,decoder_BGRA_to_PNG_RGBA,,,,a0a87adfe44cd42026f84efe7c0f017ea2b77b7ca8f2ae16baff95f27c15a5c6
456,release/remote/delayRes/native/f0/f0656ff9-a05e-4930-b399-35b8a40e76be.17efc.astc,f0656ff9-a05e-4930-b399-35b8a40e76be,release/remote/delayRes/import/f0/f0656ff9-a05e-4930-b399-35b8a40e76be.19fac.json,,0456_asset__f0656ff9-a05e-4930-b399-35b8a40e76be.png,330,290,6x6x1,RGBA,straight,decoder_BGRA_to_PNG_RGBA,,,,2efaed99d10037b4e130a6a093a4052a25441523ce667fd38fe825a8bb0f4742
457,release/remote/delayRes/native/ef/ef6e3eed-3ad5-4ecb-b48d-80c491131647.c0419.astc,ef6e3eed-3ad5-4ecb-b48d-80c491131647,release/remote/delayRes/import/ef/ef6e3eed-3ad5-4ecb-b48d-80c491131647.19fac.json,,0457_asset__ef6e3eed-3ad5-4ecb-b48d-80c491131647.png,1024,234,6x6x1,RGBA,straight,decoder_BGRA_to_PNG_RGBA,,,,f2a74cbb99d61f906370b23915228b75bb0f51fb6b389ce164297e60f399f8e0
458,release/remote/delayRes/native/ea/eae7db98-f2f0-4725-bf72-e627e31ed7a6.c2453.astc,eae7db98-f2f0-4725-bf72-e627e31ed7a6,release/remote/delayRes/import/ea/eae7db98-f2f0-4725-bf72-e627e31ed7a6.19fac.json,,0458_asset__eae7db98-f2f0-4725-bf72-e627e31ed7a6.png,237,79,6x6x1,RGBA,straight,decoder_BGRA_to_PNG_RGBA,,,,d497899418ea4dac7dc23176cab5bf2509e17be817e93f7dd43ec044ad5e19d9
459,release/remote/delayRes/native/e1/e16e2f7a-88d2-4121-b1d9-aff4bb600ba5.765d0.astc,e16e2f7a-88d2-4121-b1d9-aff4bb600ba5,release/remote/delayRes/import/e1/e16e2f7a-88d2-4121-b1d9-aff4bb600ba5.19fac.json,,0459_asset__e16e2f7a-88d2-4121-b1d9-aff4bb600ba5.png,674,617,6x6x1,RGBA,straight,decoder_BGRA_to_PNG_RGBA,,,,7f55e91e9b16a83d6107319db6eaa850998351e2a37efe4c0cf2d7f48bda0eeb
460,release/remote/delayRes/native/d1/d185a9e0-4db0-4b6f-ab02-d6e87d7893e4.64bc3.astc,d185a9e0-4db0-4b6f-ab02-d6e87d7893e4,release/remote/delayRes/import/d1/d185a9e0-4db0-4b6f-ab02-d6e87d7893e4.19fac.json,,0460_asset__d185a9e0-4db0-4b6f-ab02-d6e87d7893e4.png,1024,1024,6x6x1,RGBA,straight,decoder_BGRA_to_PNG_RGBA,,,,a1e2823eb06c826178b6105c0b5f07b425ef3b503d4188006e6cea54edf7ea22
461,release/remote/delayRes/native/bf/bf05ce53-5742-4d8d-88af-0446cff0b235.932e6.astc,bf05ce53-5742-4d8d-88af-0446cff0b235,release/remote/delayRes/import/bf/bf05ce53-5742-4d8d-88af-0446cff0b235.19fac.json,,0461_asset__bf05ce53-5742-4d8d-88af-0446cff0b235.png,720,559,6x6x1,RGBA,straight,decoder_BGRA_to_PNG_RGBA,,,,a10503a36d775fb6fce5cca4a942c61c5e1687141698c758eac163e90aee1f85
462,release/remote/delayRes/native/af/afbb2d52-aa9e-4f49-be45-d02e9af18ce2.97bbb.astc,afbb2d52-aa9e-4f49-be45-d02e9af18ce2,release/remote/delayRes/import/af/afbb2d52-aa9e-4f49-be45-d02e9af18ce2.19fac.json,,0462_asset__afbb2d52-aa9e-4f49-be45-d02e9af18ce2.png,490,610,6x6x1,RGBA,straight,decoder_BGRA_to_PNG_RGBA,,,,c3c9a68e5cd940cddfc7da17cb39016bd2e89d92d1c4129e86eff051448486cd
463,release/remote/delayRes/native/a6/a6130ce9-3bca-4ea6-a5bd-afaab70394d1.cf82d.astc,a6130ce9-3bca-4ea6-a5bd-afaab70394d1,release/remote/delayRes/import/a6/a6130ce9-3bca-4ea6-a5bd-afaab70394d1.19fac.json,,0463_asset__a6130ce9-3bca-4ea6-a5bd-afaab70394d1.png,332,280,6x6x1,RGBA,straight,decoder_BGRA_to_PNG_RGBA,,,,ef02b12a7ca8b2a7b98df7efcda673d1138f14acc12debdcc0c5d8f8d6e81934
464,release/remote/delayRes/native/a3/a3c3be97-4cf8-43a8-bdc0-64bca7c8c251.f4d6e.astc,a3c3be97-4cf8-43a8-bdc0-64bca7c8c251,release/remote/delayRes/import/a3/a3c3be97-4cf8-43a8-bdc0-64bca7c8c251.19fac.json,,0464_asset__a3c3be97-4cf8-43a8-bdc0-64bca7c8c251.png,127,128,6x6x1,RGBA,straight,decoder_BGRA_to_PNG_RGBA,,,,cf69da13b3b7db96b91f16adeb18658a866433ee54c2f49cc09250a377154d10
465,release/remote/delayRes/native/88/883c0eda-ae6e-4bfc-b28a-74ad5457ad90.a8edc.astc,883c0eda-ae6e-4bfc-b28a-74ad5457ad90,release/remote/delayRes/import/88/883c0eda-ae6e-4bfc-b28a-74ad5457ad90.19fac.json,,0465_asset__883c0eda-ae6e-4bfc-b28a-74ad5457ad90.png,675,619,6x6x1,RGBA,straight,decoder_BGRA_to_PNG_RGBA,,,,84eaa0e364663623a19b9cd267665a3c3ce31e87d0e34f5f141c6d94e5ccfc4e
466,release/remote/delayRes/native/78/78967dbc-d598-426f-86ed-c748dd151829.dd4d3.astc,78967dbc-d598-426f-86ed-c748dd151829,release/remote/delayRes/import/78/78967dbc-d598-426f-86ed-c748dd151829.19fac.json,,0466_asset__78967dbc-d598-426f-86ed-c748dd151829.png,884,168,6x6x1,RGBA,straight,decoder_BGRA_to_PNG_RGBA,,,,9b275f64f3847fa6a4bed38c906a5478815cb776a0832b881049336ed308bdf3
467,release/remote/delayRes/native/78/786c44df-9e9e-4cea-ab10-c0e835d03be0.8f969.astc,786c44df-9e9e-4cea-ab10-c0e835d03be0,release/remote/delayRes/import/78/786c44df-9e9e-4cea-ab10-c0e835d03be0.19fac.json,,0467_asset__786c44df-9e9e-4cea-ab10-c0e835d03be0.png,237,79,6x6x1,RGBA,straight,decoder_BGRA_to_PNG_RGBA,,,,c2b649c6f46f1edc9bb43777011eb1cb36381b2065c5cb834593a68943c1b746
468,release/remote/delayRes/native/6e/6ead9f9c-ef1e-40f5-99fb-780eb74564da.0e3da.astc,6ead9f9c-ef1e-40f5-99fb-780eb74564da,release/remote/delayRes/import/6e/6ead9f9c-ef1e-40f5-99fb-780eb74564da.19fac.json,,0468_asset__6ead9f9c-ef1e-40f5-99fb-780eb74564da.png,75,77,6x6x1,RGBA,straight,decoder_BGRA_to_PNG_RGBA,,,,e4cd8618b14868894bc79c96cb42b14f8c18356dacf59d5e5736cf1e7b0f4356
469,release/remote/delayRes/native/62/62b3bf30-9a8c-42fa-8139-e142b5f12c3d.2b221.astc,62b3bf30-9a8c-42fa-8139-e142b5f12c3d,release/remote/delayRes/import/62/62b3bf30-9a8c-42fa-8139-e142b5f12c3d.19fac.json,,0469_asset__62b3bf30-9a8c-42fa-8139-e142b5f12c3d.png,720,1280,6x6x1,RGBA,straight,decoder_BGRA_to_PNG_RGBA,,,,b74bdf7b5c9085b8e61e679404b1b20df3090b60d1e2f1f37ae957acfcc82535
470,release/remote/delayRes/native/5a/5a807831-ddb9-48cd-83c1-1c7b567acb89.c6f6f.astc,5a807831-ddb9-48cd-83c1-1c7b567acb89,release/remote/delayRes/import/5a/5a807831-ddb9-48cd-83c1-1c7b567acb89.19fac.json,,0470_asset__5a807831-ddb9-48cd-83c1-1c7b567acb89.png,720,1280,6x6x1,RGBA,straight,decoder_BGRA_to_PNG_RGBA,,,,7671fca2a7fc30cfb4283f4932381c75e814f39f6e5d265d6252b7f929f595a0
471,release/remote/delayRes/native/4f/4f02e176-4fa0-4f8a-abf0-5539bd6eff38.9de44.astc,4f02e176-4fa0-4f8a-abf0-5539bd6eff38,release/remote/delayRes/import/4f/4f02e176-4fa0-4f8a-abf0-5539bd6eff38.19fac.json,,0471_asset__4f02e176-4fa0-4f8a-abf0-5539bd6eff38.png,675,619,6x6x1,RGBA,straight,decoder_BGRA_to_PNG_RGBA,,,,68b1ba452212c46ef3e9deed3bd4d50db60268a4c4d2edd0d26b021d6290d0d8
472,release/remote/delayRes/native/4b/4b319e7b-9e03-413a-900f-1552dc7c3a47.d07e9.astc,4b319e7b-9e03-413a-900f-1552dc7c3a47,release/remote/delayRes/import/4b/4b319e7b-9e03-413a-900f-1552dc7c3a47.19fac.json,,0472_asset__4b319e7b-9e03-413a-900f-1552dc7c3a47.png,720,1280,6x6x1,RGBA,straight,decoder_BGRA_to_PNG_RGBA,,,,1b36718054723241476563ecd3c830ee64e75dc9ea34aa79cbbc07122dfa1852
473,release/remote/delayRes/native/3e/3e9d1c3f-023c-473f-84a8-7e50402321fa.1e489.astc,3e9d1c3f-023c-473f-84a8-7e50402321fa,release/remote/delayRes/import/3e/3e9d1c3f-023c-473f-84a8-7e50402321fa.19fac.json,,0473_asset__3e9d1c3f-023c-473f-84a8-7e50402321fa.png,884,168,6x6x1,RGBA,straight,decoder_BGRA_to_PNG_RGBA,,,,4b820158cf5fc34e860c90dd7a7b70ba6cea4ef836b0c02cd630acf2c597a7d8
474,release/remote/delayRes/native/3a/3a4d9a98-f843-40d0-869b-af3c0cfb4b74.bd1a1.astc,3a4d9a98-f843-40d0-869b-af3c0cfb4b74,release/remote/delayRes/import/3a/3a4d9a98-f843-40d0-869b-af3c0cfb4b74.19fac.json,,0474_asset__3a4d9a98-f843-40d0-869b-af3c0cfb4b74.png,720,1280,6x6x1,RGBA,straight,decoder_BGRA_to_PNG_RGBA,,,,735007550556e9ad7f4a743a7dc3420167c51dd4495110e0591cdde397ae9e1e
475,release/remote/delayRes/native/38/38f2fb49-074f-4ed2-be93-f4f9c43e3801.ecac1.astc,38f2fb49-074f-4ed2-be93-f4f9c43e3801,release/remote/delayRes/import/38/38f2fb49-074f-4ed2-be93-f4f9c43e3801.19fac.json,,0475_asset__38f2fb49-074f-4ed2-be93-f4f9c43e3801.png,720,559,6x6x1,RGBA,straight,decoder_BGRA_to_PNG_RGBA,,,,c994a8d41e664c57d2fd82f31fc40140a6ac621c52e3cab6712de45e9d553598
476,release/remote/delayRes/native/38/38a4447c-8c18-423f-8aeb-d78ac699164e.464a3.astc,38a4447c-8c18-423f-8aeb-d78ac699164e,release/remote/delayRes/import/38/38a4447c-8c18-423f-8aeb-d78ac699164e.19fac.json,,0476_asset__38a4447c-8c18-423f-8aeb-d78ac699164e.png,675,603,6x6x1,RGBA,straight,decoder_BGRA_to_PNG_RGBA,,,,6c36b346718e4087109718685f7b31c417194b3d7b5aa116355fc3922fbbc7a6
477,release/remote/delayRes/native/33/3325904b-8e0e-42df-af2f-2a11579deca9.2e977.astc,3325904b-8e0e-42df-af2f-2a11579deca9,release/remote/delayRes/import/33/3325904b-8e0e-42df-af2f-2a11579deca9.19fac.json,,0477_asset__3325904b-8e0e-42df-af2f-2a11579deca9.png,127,128,6x6x1,RGBA,straight,decoder_BGRA_to_PNG_RGBA,,,,ad8af2434bb509969fb688d20c695bf735c94bd2e1e6e806eb94126954ba88f1
478,release/remote/delayRes/native/2c/2c822efb-0c01-4cd4-940e-d347ca842dfd.04f7c.astc,2c822efb-0c01-4cd4-940e-d347ca842dfd,release/remote/delayRes/import/2c/2c822efb-0c01-4cd4-940e-d347ca842dfd.19fac.json,,0478_asset__2c822efb-0c01-4cd4-940e-d347ca842dfd.png,674,617,6x6x1,RGBA,straight,decoder_BGRA_to_PNG_RGBA,,,,ec65a4612494dae3c173d4de3f8d3aa56abb8b9819b978668d71a48114463349
479,release/remote/delayRes/native/29/29757b75-d065-4217-89d5-9c400a1ababf.565cc.astc,29757b75-d065-4217-89d5-9c400a1ababf,release/remote/delayRes/import/29/29757b75-d065-4217-89d5-9c400a1ababf.19fac.json,,0479_asset__29757b75-d065-4217-89d5-9c400a1ababf.png,1985,1127,6x6x1,RGBA,straight,decoder_BGRA_to_PNG_RGBA,,,,677eb8f2fd4e9b9e4aadfbe12900fa7abcc274cb06b171c138930cb02fb0e661
480,release/remote/delayRes/native/26/267e1d8e-73cd-4c9b-9208-e28fefca6fd2.94808.astc,267e1d8e-73cd-4c9b-9208-e28fefca6fd2,release/remote/delayRes/import/26/267e1d8e-73cd-4c9b-9208-e28fefca6fd2.19fac.json,,0480_asset__267e1d8e-73cd-4c9b-9208-e28fefca6fd2.png,720,1280,6x6x1,RGBA,straight,decoder_BGRA_to_PNG_RGBA,,,,5718f16f0429e3a7b181a2e61993292e3f179dd62d571d96e73cee79866c0682
481,release/remote/delayRes/native/1d/1da2390b-c3ad-4091-8d20-1f20983f7b21.59a56.astc,1da2390b-c3ad-4091-8d20-1f20983f7b21,release/remote/delayRes/import/1d/1da2390b-c3ad-4091-8d20-1f20983f7b21.19fac.json,,0481_asset__1da2390b-c3ad-4091-8d20-1f20983f7b21.png,1024,1024,6x6x1,RGBA,straight,decoder_BGRA_to_PNG_RGBA,,,,66367728cbcd198bc98d0cf6efc9e1ee3644fedfe944662513e37acee58bd310
482,release/remote/delayRes/native/1d/1d85f1aac.b7499.astc,1d85f1aac,release/remote/delayRes/import/1d/1d85f1aac.8b498.json,,0482_asset__1d85f1aac.png,776,621,6x6x1,RGBA,straight,decoder_BGRA_to_PNG_RGBA,,,,0b0406b9e9da5d706fdd46b25302e5dbf75f2a96c89eb9f3b09b2e2b816103a5
483,release/remote/delayRes/native/1d/1d2308b6f.524f8.astc,1d2308b6f,release/remote/delayRes/import/1d/1d2308b6f.7470b.json,,0483_asset__1d2308b6f.png,768,791,6x6x1,RGBA,straight,decoder_BGRA_to_PNG_RGBA,,,,4e59d76d174e969b30c78cce79c03ab6ac52bc110d538f6d3e477bd91d5224b5
484,release/remote/delayRes/native/19/198fd667-b9d5-4cb3-9b1c-90302d5dc316.aa22b.astc,198fd667-b9d5-4cb3-9b1c-90302d5dc316,release/remote/delayRes/import/19/198fd667-b9d5-4cb3-9b1c-90302d5dc316.19fac.json,,0484_asset__198fd667-b9d5-4cb3-9b1c-90302d5dc316.png,493,611,6x6x1,RGBA,straight,decoder_BGRA_to_PNG_RGBA,,,,134576a5f071137d146503748668f96667d8ae38c47802fda978000f43800a9b
485,release/remote/delayRes/native/18/18eb88cec.0de1b.astc,18eb88cec,release/remote/delayRes/import/18/18eb88cec.a74e0.json,,0485_asset__18eb88cec.png,971,1012,6x6x1,RGBA,straight,decoder_BGRA_to_PNG_RGBA,,,,38d8fe209091f7aafe1a74d4e97dafbee25d1d1d78d76c8d1382c314e56daaa4
486,release/remote/delayRes/native/15/154b95f0-fd35-4a92-8df2-6a56583ea8f0.fd514.astc,154b95f0-fd35-4a92-8df2-6a56583ea8f0,release/remote/delayRes/import/15/154b95f0-fd35-4a92-8df2-6a56583ea8f0.19fac.json,,0486_asset__154b95f0-fd35-4a92-8df2-6a56583ea8f0.png,334,291,6x6x1,RGBA,straight,decoder_BGRA_to_PNG_RGBA,,,,af92730dfef47655e54d9d9e0da6c3a60d08f0542c76e5dfc4634a6d1b780d91
487,release/remote/delayRes/native/14/146c722a-2371-420b-9958-6ff8ca81ff57.c67b7.astc,146c722a-2371-420b-9958-6ff8ca81ff57,release/remote/delayRes/import/14/146c722a-2371-420b-9958-6ff8ca81ff57%40f9941.a51cd.json,bg,0487_bg__146c722a-2371-420b-9958-6ff8ca81ff57.png,1,1051,6x6x1,RGBA,straight,decoder_BGRA_to_PNG_RGBA,False,"{'x': 0, 'y': 0, 'width': 1, 'height': 1051}","{'width': 1, 'height': 1051}",bbc714e0d751d304c3be3cce69ec7640c88223007993560f4f024cb3f26e8ad5
488,release/remote/delayRes/native/13/13102512e.b6e2a.astc,13102512e,release/remote/delayRes/import/13/13102512e.30056.json,,0488_asset__13102512e.png,858,856,6x6x1,RGBA,straight,decoder_BGRA_to_PNG_RGBA,,,,e4f2593d667195e8a1be2fb497a2ccc28fe4d20e91bb70a8b3671d9efcab3af3
489,release/remote/delayRes/native/0c/0c0f013e-c492-4018-b0ea-2f1100a7fc06.91dd4.astc,0c0f013e-c492-4018-b0ea-2f1100a7fc06,release/remote/delayRes/import/0c/0c0f013e-c492-4018-b0ea-2f1100a7fc06.19fac.json,,0489_asset__0c0f013e-c492-4018-b0ea-2f1100a7fc06.png,4,356,6x6x1,RGBA,straight,decoder_BGRA_to_PNG_RGBA,,,,2624e01d20e9863bf0eddc0b69e200be4d223bd10180347f57ebe0660068e407
490,release/remote/delayRes/native/07/07b7b8e4-26e3-4e42-9460-b1032c053a54.b3c80.astc,07b7b8e4-26e3-4e42-9460-b1032c053a54,release/remote/delayRes/import/07/07b7b8e4-26e3-4e42-9460-b1032c053a54.19fac.json,,0490_asset__07b7b8e4-26e3-4e42-9460-b1032c053a54.png,247,306,6x6x1,RGBA,straight,decoder_BGRA_to_PNG_RGBA,,,,9ad64b2f1ba16e47d944750b355e32cf375ee60674a0c563bca5936c5c8f17ec
491,release/remote/delayRes/native/00/00934f67-44f7-4c7e-9492-b83be58d1a70.afc39.astc,00934f67-44f7-4c7e-9492-b83be58d1a70,release/remote/delayRes/import/00/00934f67-44f7-4c7e-9492-b83be58d1a70.19fac.json,,0491_asset__00934f67-44f7-4c7e-9492-b83be58d1a70.png,1024,1072,6x6x1,RGBA,straight,decoder_BGRA_to_PNG_RGBA,,,,46bdbd637c0c81168db6ae44a739a487558ec304afbcd661e23f973f89f1e0db
